-- phpMyAdmin SQL Dump
-- version 5.2.1
-- https://www.phpmyadmin.net/
--
-- Host: ictstu-db1.cc.swin.edu.au
-- Generation Time: Nov 13, 2025 at 02:43 PM
-- Server version: 5.5.68-MariaDB
-- PHP Version: 7.3.33

SET SQL_MODE = "NO_AUTO_VALUE_ON_ZERO";
START TRANSACTION;
SET time_zone = "+00:00";


/*!40101 SET @OLD_CHARACTER_SET_CLIENT=@@CHARACTER_SET_CLIENT */;
/*!40101 SET @OLD_CHARACTER_SET_RESULTS=@@CHARACTER_SET_RESULTS */;
/*!40101 SET @OLD_COLLATION_CONNECTION=@@COLLATION_CONNECTION */;
/*!40101 SET NAMES utf8mb4 */;

--
-- Database: `s105292899_db`
--

-- --------------------------------------------------------

--
-- Table structure for table `archer`
--

CREATE TABLE `archer` (
  `archerID` int(11) NOT NULL,
  `archerFirstName` varchar(50) NOT NULL,
  `archerLastName` varchar(50) NOT NULL,
  `archerGender` enum('Male','Female') NOT NULL,
  `archerDateOfBirth` date NOT NULL,
  `archerEmail` varchar(100) NOT NULL,
  `archerPhone` varchar(50) NOT NULL,
  `archerNationality` varchar(50) NOT NULL,
  `archerPassword` varchar(255) NOT NULL
) ENGINE=InnoDB DEFAULT CHARSET=latin1;

--
-- Dumping data for table `archer`
--

INSERT INTO `archer` (`archerID`, `archerFirstName`, `archerLastName`, `archerGender`, `archerDateOfBirth`, `archerEmail`, `archerPhone`, `archerNationality`, `archerPassword`) VALUES
(1, 'messi', 'Johnson', 'Female', '1995-03-15', 'emma.johnson@email.com', '+61-412-345-678', 'Australia', 'mess5678'),
(2, 'Liam', 'Smith', 'Male', '1992-07-22', 'liam.smith@email.com', '+61-423-456-789', 'Australia', 'liam6789'),
(3, 'Olivia', 'Williams', 'Female', '1998-11-08', 'olivia.williams@email.com', '+61-434-567-890', 'Australia', 'oliv7890'),
(4, 'Noah', 'Brown', 'Male', '1990-05-30', 'noah.brown@email.com', '+61-445-678-901', 'Australia', 'noah8901'),
(5, 'Ava', 'Jones', 'Female', '1996-09-12', 'ava.jones@email.com', '+61-456-789-012', 'Australia', 'ava@9012'),
(6, 'William', 'Garcia', 'Male', '1993-01-25', 'william.garcia@email.com', '+61-467-890-123', 'Australia', 'will0123'),
(7, 'Sophia', 'Martinez', 'Female', '1997-04-18', 'sophia.martinez@email.com', '+61-478-901-234', 'Australia', 'soph1234'),
(8, 'James', 'Rodriguez', 'Male', '1991-12-03', 'james.rodriguez@email.com', '+61-489-012-345', 'Australia', 'jame2345'),
(9, 'Isabella', 'Wilson', 'Female', '1999-06-27', 'isabella.wilson@email.com', '+61-490-123-456', 'Australia', 'isab3456'),
(10, 'Benjamin', 'Anderson', 'Male', '1994-08-14', 'benjamin.anderson@email.com', '+61-401-234-567', 'Australia', 'benj4567'),
(11, 'Mia', 'Taylor', 'Female', '2000-02-09', 'mia.taylor@email.com', '+61-412-345-679', 'Australia', 'mia@5679'),
(12, 'Lucas', 'Thomas', 'Male', '1989-10-21', 'lucas.thomas@email.com', '+61-423-456-780', 'Australia', 'luca6780'),
(13, 'Charlotte', 'Hernandez', 'Female', '1995-07-16', 'charlotte.hernandez@email.com', '+61-434-567-891', 'Australia', 'char7891'),
(14, 'Henry', 'Moore', 'Male', '1992-03-05', 'henry.moore@email.com', '+61-445-678-902', 'Australia', 'henr8902'),
(15, 'Amelia', 'Martin', 'Female', '1998-12-28', 'amelia.martin@email.com', '+61-456-789-013', 'Australia', 'amel9013'),
(16, 'Alexander', 'Jackson', 'Male', '1990-09-11', 'alexander.jackson@email.com', '+61-467-890-124', 'Australia', 'alex0124'),
(17, 'Harper', 'Thompson', 'Female', '1996-05-24', 'harper.thompson@email.com', '+61-478-901-235', 'Australia', 'harp1235'),
(18, 'Michael', 'White', 'Male', '1993-11-17', 'michael.white@email.com', '+61-489-012-346', 'Australia', 'mich2346'),
(19, 'Evelyn', 'Lopez', 'Female', '1997-08-02', 'evelyn.lopez@email.com', '+61-490-123-457', 'Australia', 'evel3457'),
(20, 'Daniel', 'Lee', 'Male', '1991-04-19', 'daniel.lee@email.com', '+61-401-234-568', 'Australia', 'dani4568'),
(21, 'Abigail', 'Gonzalez', 'Female', '1999-01-07', 'abigail.gonzalez@email.com', '+61-412-345-680', 'Australia', 'abig5680'),
(22, 'Matthew', 'Harris', 'Male', '1994-06-30', 'matthew.harris@email.com', '+61-423-456-781', 'Australia', 'matt6781'),
(23, 'Emily', 'Clark', 'Female', '2000-10-13', 'emily.clark@email.com', '+61-434-567-892', 'Australia', 'emil7892'),
(24, 'Jackson', 'Lewis', 'Male', '1988-02-26', 'jackson.lewis@email.com', '+61-445-678-903', 'Australia', 'jack8903'),
(25, 'Elizabeth', 'Robinson', 'Female', '1995-12-09', 'elizabeth.robinson@email.com', '+61-456-789-014', 'Australia', 'eliz9014'),
(26, 'Sebastian', 'Walker', 'Male', '1992-08-22', 'sebastian.walker@email.com', '+61-467-890-125', 'Australia', 'seba0125'),
(27, 'Sofia', 'Perez', 'Female', '1998-04-15', 'sofia.perez@email.com', '+61-478-901-236', 'Australia', 'sofi1236'),
(28, 'Jack', 'Hall', 'Male', '1990-11-28', 'jack.hall@email.com', '+61-489-012-347', 'Australia', 'jack2347'),
(29, 'Avery', 'Young', 'Female', '1996-07-11', 'avery.young@email.com', '+61-490-123-458', 'Australia', 'aver3458'),
(30, 'Aiden', 'Allen', 'Male', '1993-03-04', 'aiden.allen@email.com', '+61-401-234-569', 'Australia', 'aide4569'),
(31, 'Ella', 'Sanchez', 'Female', '1997-09-17', 'ella.sanchez@email.com', '+61-412-345-681', 'Australia', 'ella5681'),
(32, 'Samuel', 'Wright', 'Male', '1991-05-30', 'samuel.wright@email.com', '+61-423-456-782', 'Australia', 'samu6782'),
(33, 'Scarlett', 'King', 'Female', '1999-02-12', 'scarlett.king@email.com', '+61-434-567-893', 'Australia', 'scar7893'),
(34, 'David', 'Scott', 'Male', '1989-08-25', 'david.scott@email.com', '+61-445-678-904', 'Australia', 'davi8904'),
(35, 'Grace', 'Green', 'Female', '1995-04-08', 'grace.green@email.com', '+61-456-789-015', 'Australia', 'grac9015'),
(36, 'Joseph', 'Baker', 'Male', '1992-11-21', 'joseph.baker@email.com', '+61-467-890-126', 'Australia', 'jose0126'),
(37, 'Chloe', 'Adams', 'Female', '1998-07-14', 'chloe.adams@email.com', '+61-478-901-237', 'Australia', 'chlo1237'),
(38, 'Carter', 'Nelson', 'Male', '1990-03-27', 'carter.nelson@email.com', '+61-489-012-348', 'Australia', 'cart2348'),
(39, 'Victoria', 'Hill', 'Female', '1996-10-10', 'victoria.hill@email.com', '+61-490-123-459', 'Australia', 'vict3459'),
(40, 'Owen', 'Ramirez', 'Male', '1993-06-23', 'owen.ramirez@email.com', '+61-401-234-570', 'Australia', 'owen4570'),
(41, 'Zoey', 'Campbell', 'Female', '1997-02-05', 'zoey.campbell@email.com', '+61-412-345-682', 'New Zealand', 'zoey5682'),
(42, 'Wyatt', 'Mitchell', 'Male', '1991-09-18', 'wyatt.mitchell@email.com', '+64-21-456-7890', 'New Zealand', 'wyat7890'),
(43, 'Penelope', 'Roberts', 'Female', '1999-05-01', 'penelope.roberts@email.com', '+64-22-567-8901', 'New Zealand', 'pene8901'),
(44, 'Luke', 'Carter', 'Male', '1988-12-14', 'luke.carter@email.com', '+64-27-678-9012', 'New Zealand', 'luke9012'),
(45, 'Lily', 'Phillips', 'Female', '1995-08-27', 'lily.phillips@email.com', '+64-21-789-0123', 'New Zealand', 'lily0123'),
(46, 'Isaac', 'Evans', 'Male', '1992-04-10', 'isaac.evans@email.com', '+64-22-890-1234', 'New Zealand', 'isaa1234'),
(47, 'Hannah', 'Turner', 'Female', '1998-11-23', 'hannah.turner@email.com', '+64-27-901-2345', 'New Zealand', 'hann2345'),
(48, 'Gabriel', 'Torres', 'Male', '1990-07-06', 'gabriel.torres@email.com', '+64-21-012-3456', 'New Zealand', 'gabr3456'),
(49, 'Aria', 'Parker', 'Female', '1996-03-19', 'aria.parker@email.com', '+64-22-123-4567', 'New Zealand', 'aria4567'),
(50, 'Anthony', 'Collins', 'Male', '1993-10-02', 'anthony.collins@email.com', '+64-27-234-5678', 'New Zealand', 'anth5678'),
(51, 'Nora', 'Edwards', 'Female', '1972-06-15', 'nora.edwards@email.com', '+61-412-345-683', 'Australia', 'nora5683'),
(52, 'Dylan', 'Stewart', 'Male', '1970-01-28', 'dylan.stewart@email.com', '+61-423-456-783', 'Australia', 'dyla6783'),
(53, 'Riley', 'Flores', 'Female', '1968-09-11', 'riley.flores@email.com', '+61-434-567-894', 'Australia', 'rile7894'),
(54, 'Elijah', 'Morris', 'Male', '1965-05-24', 'elijah.morris@email.com', '+61-445-678-905', 'Australia', 'elij8905'),
(55, 'Layla', 'Nguyen', 'Female', '1973-02-06', 'layla.nguyen@email.com', '+61-456-789-016', 'Australia', 'layl9016'),
(56, 'Mason', 'Murphy', 'Male', '1969-10-19', 'mason.murphy@email.com', '+61-467-890-127', 'Australia', 'maso0127'),
(57, 'Addison', 'Rivera', 'Female', '1967-06-02', 'addison.rivera@email.com', '+61-478-901-238', 'Australia', 'addi1238'),
(58, 'Logan', 'Cook', 'Male', '1964-02-15', 'logan.cook@email.com', '+61-489-012-349', 'Australia', 'loga2349'),
(59, 'Stella', 'Rogers', 'Female', '1971-08-28', 'stella.rogers@email.com', '+61-490-123-460', 'Australia', 'stel3460'),
(60, 'Jacob', 'Morgan', 'Male', '1966-04-11', 'jacob.morgan@email.com', '+61-401-234-571', 'Australia', 'jaco4571'),
(61, 'Eleanor', 'Peterson', 'Female', '1975-11-24', 'eleanor.peterson@email.com', '+61-412-345-684', 'Australia', 'elea5684'),
(62, 'Ethan', 'Cooper', 'Male', '1963-07-07', 'ethan.cooper@email.com', '+61-423-456-784', 'Australia', 'etha6784'),
(63, 'Hazel', 'Reed', 'Female', '1974-03-20', 'hazel.reed@email.com', '+61-434-567-895', 'Australia', 'haze7895'),
(64, 'Ryan', 'Bailey', 'Male', '1962-10-03', 'ryan.bailey@email.com', '+61-445-678-906', 'Australia', 'ryan8906'),
(65, 'Aurora', 'Bell', 'Female', '1976-06-16', 'aurora.bell@email.com', '+61-456-789-017', 'Australia', 'auro9017'),
(66, 'Nathan', 'Gomez', 'Male', '1961-01-29', 'nathan.gomez@email.com', '+61-467-890-128', 'Australia', 'nath0128'),
(67, 'Violet', 'Kelly', 'Female', '2008-09-12', 'violet.kelly@parent.com', '+61-478-901-239', 'Australia', 'viol1239'),
(68, 'Caleb', 'Howard', 'Male', '2009-05-25', 'caleb.howard@parent.com', '+61-489-012-350', 'Australia', 'cale2350'),
(69, 'Savannah', 'Ward', 'Female', '2010-02-08', 'savannah.ward@parent.com', '+61-490-123-461', 'Australia', 'sava3461'),
(70, 'Hunter', 'Cox', 'Male', '2007-10-21', 'hunter.cox@parent.com', '+61-401-234-572', 'Australia', 'hunt4572'),
(71, 'Brooklyn', 'Diaz', 'Female', '2011-06-04', 'brooklyn.diaz@parent.com', '+61-412-345-685', 'Australia', 'broo5685'),
(72, 'Christian', 'Richardson', 'Male', '2008-01-17', 'christian.richardson@parent.com', '+61-423-456-785', 'Australia', 'chri6785'),
(73, 'Bella', 'Wood', 'Female', '2009-08-30', 'bella.wood@parent.com', '+61-434-567-896', 'Australia', 'bell7896'),
(74, 'Jonathan', 'Watson', 'Male', '2010-04-13', 'jonathan.watson@parent.com', '+61-445-678-907', 'Australia', 'jona8907'),
(75, 'Camila', 'Brooks', 'Female', '2012-11-26', 'camila.brooks@parent.com', '+61-456-789-018', 'Australia', 'cami9018'),
(76, 'Joshua', 'Bennett', 'Male', '2007-07-09', 'joshua.bennett@parent.com', '+61-467-890-129', 'Australia', 'josh0129'),
(77, 'Paisley', 'Gray', 'Female', '2011-03-22', 'paisley.gray@parent.com', '+64-21-234-5679', 'New Zealand', 'pais5679'),
(78, 'Andrew', 'James', 'Male', '2008-10-05', 'andrew.james@parent.com', '+64-22-345-6780', 'New Zealand', 'andr6780'),
(79, 'Claire', 'Reyes', 'Female', '2009-06-18', 'claire.reyes@parent.com', '+64-27-456-7891', 'New Zealand', 'clai7891'),
(80, 'Christopher', 'Cruz', 'Male', '2010-01-31', 'christopher.cruz@parent.com', '+64-21-567-8902', 'New Zealand', 'chri8902'),
(81, 'Lucy', 'Hughes', 'Female', '2012-09-14', 'lucy.hughes@parent.com', '+64-22-678-9013', 'New Zealand', 'lucy9013'),
(82, 'Isaac', 'Price', 'Male', '2007-05-27', 'isaac.price@parent.com', '+64-27-789-0124', 'New Zealand', 'isaa0124'),
(83, 'Anna', 'Myers', 'Female', '2011-02-10', 'anna.myers@parent.com', '+64-21-890-1235', 'New Zealand', 'anna1235'),
(84, 'Levi', 'Long', 'Male', '2008-08-23', 'levi.long@parent.com', '+64-22-901-2346', 'New Zealand', 'levi2346'),
(85, 'Caroline', 'Foster', 'Female', '2009-04-06', 'caroline.foster@parent.com', '+64-27-012-3457', 'New Zealand', 'caro3457'),
(86, 'Jayden', 'Sanders', 'Male', '2010-11-19', 'jayden.sanders@parent.com', '+64-21-123-4568', 'New Zealand', 'jayd4568'),
(87, 'Genesis', 'Ross', 'Female', '2005-07-02', 'genesis.ross@email.com', '+61-412-345-686', 'Australia', 'gene5686'),
(88, 'Eli', 'Henderson', 'Male', '2006-03-15', 'eli.henderson@email.com', '+61-423-456-786', 'Australia', 'eli@6786'),
(89, 'Aaliyah', 'Coleman', 'Female', '2004-10-28', 'aaliyah.coleman@email.com', '+61-434-567-897', 'Australia', 'aali7897'),
(90, 'Colton', 'Jenkins', 'Male', '2005-06-11', 'colton.jenkins@email.com', '+61-445-678-908', 'Australia', 'colt8908'),
(91, 'Kennedy', 'Perry', 'Female', '2006-02-24', 'kennedy.perry@email.com', '+61-456-789-019', 'Australia', 'kenn9019'),
(92, 'Landon', 'Powell', 'Male', '2004-09-07', 'landon.powell@email.com', '+61-467-890-130', 'Australia', 'land0130'),
(93, 'Madelyn', 'Patterson', 'Female', '2005-05-20', 'madelyn.patterson@email.com', '+61-478-901-240', 'Australia', 'made1240'),
(94, 'Adrian', 'Hughes', 'Male', '2006-01-03', 'adrian.hughes@email.com', '+61-489-012-351', 'Australia', 'adri2351'),
(95, 'Maya', 'Flores', 'Female', '2004-08-16', 'maya.flores@email.com', '+61-490-123-462', 'Australia', 'maya3462'),
(96, 'Asher', 'Washington', 'Male', '2005-04-29', 'asher.washington@email.com', '+61-401-234-573', 'Australia', 'ashe4573'),
(97, 'Skylar', 'Butler', 'Female', '2006-11-12', 'skylar.butler@email.com', '+64-21-345-6781', 'New Zealand', 'skyl6781'),
(98, 'Ezra', 'Simmons', 'Male', '2004-07-25', 'ezra.simmons@email.com', '+64-22-456-7892', 'New Zealand', 'ezra7892'),
(99, 'Aung', 'Moe Thu', 'Male', '2002-10-06', 'aung.johnson@email.com', '+69-981-345-678', 'New Zealand', 'aung5678'),
(100, 'Khant', 'Thu Aung', 'Male', '2000-07-22', 'khant.smith@email.com', '+61-423-456-999', 'Iran', 'khan6999'),
(101, 'Show', 'Wai Yan', 'Male', '2000-03-15', 'show@email.com', '+61-412-555-678', 'Australia', 'show5678'),
(102, 'Kaung', 'Htet Nyein', 'Male', '1995-07-22', 'kaung@email.com', '+61-871-456-789', 'Australia', 'kaun6789');

-- --------------------------------------------------------

--
-- Table structure for table `arrowStaging`
--

CREATE TABLE `arrowStaging` (
  `arrowStagingID` int(11) NOT NULL,
  `roundID` int(11) NOT NULL,
  `participationID` int(11) NOT NULL,
  `distance` enum('10','20','30','40','50','60','70','90') NOT NULL,
  `endOrder` int(11) NOT NULL,
  `arrowScore` int(11) NOT NULL,
  `stagingStatus` enum('Pending','Confirmed','Rejected') NOT NULL DEFAULT 'Pending',
  `isX` tinyint(1) NOT NULL,
  `date` datetime NOT NULL,
  `recorderID` int(11) NOT NULL
) ENGINE=InnoDB DEFAULT CHARSET=latin1;

-- --------------------------------------------------------

--
-- Table structure for table `category`
--

CREATE TABLE `category` (
  `categoryID` int(11) NOT NULL,
  `ageGroup` enum('open','50+','60+','70+','under 21','under 18','under 16','under 14') NOT NULL,
  `gender` enum('Male','Female') NOT NULL,
  `equipment` enum('Recurve','Compound','Recurve Barebow','Compound Barebow','Longbow') NOT NULL
) ENGINE=InnoDB DEFAULT CHARSET=latin1;

--
-- Dumping data for table `category`
--

INSERT INTO `category` (`categoryID`, `ageGroup`, `gender`, `equipment`) VALUES
(1, 'open', 'Female', 'Recurve'),
(2, 'open', 'Female', 'Compound'),
(3, 'open', 'Female', 'Recurve Barebow'),
(4, 'open', 'Female', 'Compound Barebow'),
(5, 'open', 'Female', 'Longbow'),
(6, 'open', 'Male', 'Recurve'),
(7, 'open', 'Male', 'Compound'),
(8, 'open', 'Male', 'Recurve Barebow'),
(9, 'open', 'Male', 'Compound Barebow'),
(10, 'open', 'Male', 'Longbow'),
(11, '50+', 'Female', 'Recurve'),
(12, '50+', 'Female', 'Compound'),
(13, '50+', 'Female', 'Recurve Barebow'),
(14, '50+', 'Female', 'Compound Barebow'),
(15, '50+', 'Female', 'Longbow'),
(16, '50+', 'Male', 'Recurve'),
(17, '50+', 'Male', 'Compound'),
(18, '50+', 'Male', 'Recurve Barebow'),
(19, '50+', 'Male', 'Compound Barebow'),
(20, '50+', 'Male', 'Longbow'),
(21, '60+', 'Female', 'Recurve'),
(22, '60+', 'Female', 'Compound'),
(23, '60+', 'Female', 'Recurve Barebow'),
(24, '60+', 'Female', 'Compound Barebow'),
(25, '60+', 'Female', 'Longbow'),
(26, '60+', 'Male', 'Recurve'),
(27, '60+', 'Male', 'Compound'),
(28, '60+', 'Male', 'Recurve Barebow'),
(29, '60+', 'Male', 'Compound Barebow'),
(30, '60+', 'Male', 'Longbow'),
(31, '70+', 'Female', 'Recurve'),
(32, '70+', 'Female', 'Compound'),
(33, '70+', 'Female', 'Recurve Barebow'),
(34, '70+', 'Female', 'Compound Barebow'),
(35, '70+', 'Female', 'Longbow'),
(36, '70+', 'Male', 'Recurve'),
(37, '70+', 'Male', 'Compound'),
(38, '70+', 'Male', 'Recurve Barebow'),
(39, '70+', 'Male', 'Compound Barebow'),
(40, '70+', 'Male', 'Longbow'),
(41, 'under 21', 'Female', 'Recurve'),
(42, 'under 21', 'Female', 'Compound'),
(43, 'under 21', 'Female', 'Recurve Barebow'),
(44, 'under 21', 'Female', 'Compound Barebow'),
(45, 'under 21', 'Female', 'Longbow'),
(46, 'under 21', 'Male', 'Recurve'),
(47, 'under 21', 'Male', 'Compound'),
(48, 'under 21', 'Male', 'Recurve Barebow'),
(49, 'under 21', 'Male', 'Compound Barebow'),
(50, 'under 21', 'Male', 'Longbow'),
(51, 'under 18', 'Female', 'Recurve'),
(52, 'under 18', 'Female', 'Compound'),
(53, 'under 18', 'Female', 'Recurve Barebow'),
(54, 'under 18', 'Female', 'Compound Barebow'),
(55, 'under 18', 'Female', 'Longbow'),
(56, 'under 18', 'Male', 'Recurve'),
(57, 'under 18', 'Male', 'Compound'),
(58, 'under 18', 'Male', 'Recurve Barebow'),
(59, 'under 18', 'Male', 'Compound Barebow'),
(60, 'under 18', 'Male', 'Longbow'),
(61, 'under 16', 'Female', 'Recurve'),
(62, 'under 16', 'Female', 'Compound'),
(63, 'under 16', 'Female', 'Recurve Barebow'),
(64, 'under 16', 'Female', 'Compound Barebow'),
(65, 'under 16', 'Female', 'Longbow'),
(66, 'under 16', 'Male', 'Recurve'),
(67, 'under 16', 'Male', 'Compound'),
(68, 'under 16', 'Male', 'Recurve Barebow'),
(69, 'under 16', 'Male', 'Compound Barebow'),
(70, 'under 16', 'Male', 'Longbow'),
(71, 'under 14', 'Female', 'Recurve'),
(72, 'under 14', 'Female', 'Compound'),
(73, 'under 14', 'Female', 'Recurve Barebow'),
(74, 'under 14', 'Female', 'Compound Barebow'),
(75, 'under 14', 'Female', 'Longbow'),
(76, 'under 14', 'Male', 'Recurve'),
(77, 'under 14', 'Male', 'Compound'),
(78, 'under 14', 'Male', 'Recurve Barebow'),
(79, 'under 14', 'Male', 'Compound Barebow'),
(80, 'under 14', 'Male', 'Longbow');

-- --------------------------------------------------------

--
-- Table structure for table `championship`
--

CREATE TABLE `championship` (
  `championshipID` int(11) NOT NULL,
  `championshipTitle` varchar(100) NOT NULL,
  `championshipYear` year(4) NOT NULL
) ENGINE=InnoDB DEFAULT CHARSET=latin1;

--
-- Dumping data for table `championship`
--

INSERT INTO `championship` (`championshipID`, `championshipTitle`, `championshipYear`) VALUES
(1, '2024 National Archery Championship Series', '2024');

-- --------------------------------------------------------

--
-- Table structure for table `championshipResult`
--

CREATE TABLE `championshipResult` (
  `archerID` int(11) NOT NULL DEFAULT '0',
  `championshipID` int(11) NOT NULL DEFAULT '0',
  `totalScore` int(11) NOT NULL,
  `ageGroup` enum('open','50+','60+','70+','under 21','under 18','under 16','under 14') NOT NULL,
  `gender` enum('Male','Female') NOT NULL,
  `equipment` enum('Recurve','Compound','Recurve Barebow','Compound Barebow','Longbow') NOT NULL
) ENGINE=InnoDB DEFAULT CHARSET=latin1;

-- --------------------------------------------------------

--
-- Table structure for table `competition`
--

CREATE TABLE `competition` (
  `competitionID` int(11) NOT NULL,
  `competitionTitle` varchar(100) NOT NULL,
  `competitionStartDate` date NOT NULL,
  `competitionLocation` varchar(100) NOT NULL,
  `competitionEndDate` date NOT NULL,
  `championshipID` int(11) DEFAULT NULL,
  `competitionStatus` enum('Upcoming','In Progress','Completed') NOT NULL DEFAULT 'Upcoming'
) ENGINE=InnoDB DEFAULT CHARSET=latin1;

--
-- Dumping data for table `competition`
--

INSERT INTO `competition` (`competitionID`, `competitionTitle`, `competitionStartDate`, `competitionLocation`, `competitionEndDate`, `championshipID`, `competitionStatus`) VALUES
(21, 'Spring Classic Indoor Championship', '2024-03-15', 'National Archery Center, London', '2024-03-17', 1, 'Completed'),
(22, 'Summer Outdoor Tournament', '2024-06-20', 'Olympic Archery Range, Paris', '2024-06-23', NULL, 'Completed'),
(23, 'Autumn Cup Qualifier', '2024-09-10', 'Regional Sports Complex, Manchester', '2024-09-12', NULL, 'Completed'),
(24, 'Winter Indoor Series - Round 1', '2024-12-05', 'Indoor Arena, Berlin', '2024-12-06', 1, 'Completed'),
(25, 'National Target Championships', '2024-04-18', 'State Archery Grounds, Sydney', '2024-04-21', NULL, 'Completed'),
(26, 'International Open Competition', '2024-07-08', 'World Archery Center, Seoul', '2024-07-11', NULL, 'Completed'),
(27, 'Regional Barebow Challenge', '2024-05-22', 'County Sports Park, Dublin', '2024-05-24', NULL, 'Completed'),
(28, 'Youth Development Tournament', '2024-08-14', 'Junior Training Center, Toronto', '2024-08-16', NULL, 'Completed'),
(29, 'Masters Invitational', '2024-10-03', 'Elite Archery Facility, Tokyo', '2024-10-05', NULL, 'Completed'),
(30, 'Compound Nationals', '2024-11-12', 'National Sports Stadium, Wellington', '2024-11-15', NULL, 'Completed'),
(31, 'Recurve Championships', '2024-02-28', 'Central Archery Club, Amsterdam', '2024-03-02', NULL, 'Completed'),
(32, 'Grand Prix Series - Stage 1', '2024-05-05', 'International Arena, Rome', '2024-05-07', NULL, 'Completed'),
(33, 'City Open Tournament', '2024-07-25', 'Metropolitan Sports Complex, New York', '2024-07-27', NULL, 'Completed'),
(34, 'State Championships Qualifier', '2024-09-18', 'Regional Center, Barcelona', '2024-09-20', NULL, 'Completed'),
(35, 'Indoor National Finals', '2024-01-20', 'National Indoor Facility, Copenhagen', '2024-01-22', NULL, 'Completed'),
(36, 'Summer Grand Slam', '2024-06-05', 'Coastal Archery Range, Los Angeles', '2024-06-08', NULL, 'Completed'),
(37, 'Heritage Longbow Classic', '2024-08-28', 'Traditional Grounds, Edinburgh', '2024-08-30', NULL, 'Completed'),
(38, 'Junior Elite Championships', '2024-04-10', 'Youth Sports Academy, Singapore', '2024-04-12', NULL, 'Completed'),
(39, 'Veterans Masters Cup', '2024-10-15', 'Senior Sports Center, Vienna', '2024-10-17', NULL, 'Completed'),
(40, 'Year-End Grand Finals', '2024-12-20', 'Championship Arena, Melbourne', '2024-12-23', NULL, 'Completed');

-- --------------------------------------------------------

--
-- Table structure for table `participation`
--

CREATE TABLE `participation` (
  `participationID` int(11) NOT NULL,
  `archerID` int(11) NOT NULL,
  `competitionID` int(11) NOT NULL
) ENGINE=InnoDB DEFAULT CHARSET=latin1;

--
-- Dumping data for table `participation`
--

INSERT INTO `participation` (`participationID`, `archerID`, `competitionID`) VALUES
(1, 51, 21),
(2, 52, 21),
(3, 53, 21),
(4, 54, 21),
(5, 56, 21),
(6, 57, 21),
(7, 58, 21),
(8, 59, 21),
(9, 60, 21),
(10, 62, 21),
(11, 63, 21),
(12, 64, 21),
(13, 66, 21),
(14, 68, 21),
(15, 69, 21),
(16, 73, 21),
(17, 74, 21),
(18, 75, 21),
(19, 78, 21),
(20, 79, 21),
(21, 80, 21),
(22, 83, 21),
(23, 84, 21),
(24, 86, 21),
(25, 1, 22),
(26, 6, 22),
(27, 10, 22),
(28, 11, 22),
(29, 12, 22),
(30, 13, 22),
(31, 16, 22),
(32, 19, 22),
(33, 21, 22),
(34, 26, 22),
(35, 30, 22),
(36, 33, 22),
(37, 35, 22),
(38, 38, 22),
(39, 43, 22),
(40, 45, 22),
(41, 48, 22),
(42, 49, 22),
(43, 50, 22),
(44, 55, 22),
(45, 60, 22),
(46, 87, 22),
(47, 90, 22),
(48, 94, 22),
(49, 95, 22),
(50, 99, 22),
(51, 100, 22),
(52, 67, 23),
(53, 68, 23),
(54, 69, 23),
(55, 71, 23),
(56, 73, 23),
(57, 74, 23),
(58, 75, 23),
(59, 77, 23),
(60, 78, 23),
(61, 79, 23),
(62, 80, 23),
(63, 81, 23),
(64, 83, 23),
(65, 84, 23),
(66, 85, 23),
(67, 86, 23),
(68, 58, 24),
(69, 62, 24),
(70, 64, 24),
(71, 66, 24),
(72, 70, 24),
(73, 71, 24),
(74, 74, 24),
(75, 75, 24),
(76, 77, 24),
(77, 78, 24),
(78, 79, 24),
(79, 81, 24),
(80, 82, 24),
(81, 83, 24),
(82, 84, 24),
(83, 86, 24),
(84, 87, 24),
(85, 89, 24),
(86, 90, 24),
(87, 94, 24),
(88, 95, 24),
(89, 58, 25),
(90, 62, 25),
(91, 64, 25),
(92, 66, 25),
(93, 67, 25),
(94, 68, 25),
(95, 69, 25),
(96, 70, 25),
(97, 71, 25),
(98, 72, 25),
(99, 73, 25),
(100, 74, 25),
(101, 75, 25),
(102, 76, 25),
(103, 77, 25),
(104, 78, 25),
(105, 79, 25),
(106, 80, 25),
(107, 82, 25),
(108, 83, 25),
(109, 84, 25),
(110, 85, 25),
(111, 86, 25),
(112, 97, 25),
(113, 51, 26),
(114, 52, 26),
(115, 53, 26),
(116, 54, 26),
(117, 55, 26),
(118, 56, 26),
(119, 57, 26),
(120, 58, 26),
(121, 59, 26),
(122, 60, 26),
(123, 62, 26),
(124, 63, 26),
(125, 64, 26),
(126, 66, 26),
(127, 68, 26),
(128, 69, 26),
(129, 70, 26),
(130, 72, 26),
(131, 73, 26),
(132, 74, 26),
(133, 75, 26),
(134, 76, 26),
(135, 77, 26),
(136, 78, 26),
(137, 79, 26),
(138, 80, 26),
(139, 82, 26),
(140, 83, 26),
(141, 84, 26),
(142, 85, 26),
(143, 86, 26),
(144, 51, 27),
(145, 53, 27),
(146, 55, 27),
(147, 56, 27),
(148, 57, 27),
(149, 58, 27),
(150, 59, 27),
(151, 60, 27),
(152, 62, 27),
(153, 63, 27),
(154, 64, 27),
(155, 67, 27),
(156, 71, 27),
(157, 73, 27),
(158, 74, 27),
(159, 75, 27),
(160, 76, 27),
(161, 77, 27),
(162, 81, 27),
(163, 82, 27),
(164, 83, 27),
(165, 85, 27),
(166, 86, 27),
(167, 88, 27),
(168, 91, 27),
(169, 95, 27),
(170, 97, 27),
(171, 98, 27),
(172, 51, 28),
(173, 52, 28),
(174, 53, 28),
(175, 54, 28),
(176, 55, 28),
(177, 57, 28),
(178, 58, 28),
(179, 59, 28),
(180, 62, 28),
(181, 63, 28),
(182, 66, 28),
(183, 67, 28),
(184, 69, 28),
(185, 70, 28),
(186, 73, 28),
(187, 74, 28),
(188, 76, 28),
(189, 77, 28),
(190, 78, 28),
(191, 79, 28),
(192, 80, 28),
(193, 81, 28),
(194, 82, 28),
(195, 84, 28),
(196, 85, 28),
(197, 86, 28),
(198, 87, 28),
(199, 89, 28),
(200, 92, 28),
(201, 93, 28),
(202, 94, 28),
(203, 95, 28),
(204, 96, 28),
(205, 97, 28),
(206, 7, 29),
(207, 8, 29),
(208, 25, 29),
(209, 27, 29),
(210, 37, 29),
(211, 41, 29),
(212, 62, 29),
(213, 66, 29),
(214, 69, 29),
(215, 70, 29),
(216, 71, 29),
(217, 74, 29),
(218, 80, 29),
(219, 82, 29),
(220, 83, 29),
(221, 85, 29),
(222, 86, 29),
(223, 88, 29),
(224, 89, 29),
(225, 93, 29),
(226, 96, 29),
(227, 97, 29),
(228, 67, 30),
(229, 68, 30),
(230, 69, 30),
(231, 71, 30),
(232, 73, 30),
(233, 74, 30),
(234, 75, 30),
(235, 77, 30),
(236, 78, 30),
(237, 79, 30),
(238, 80, 30),
(239, 81, 30),
(240, 83, 30),
(241, 84, 30),
(242, 85, 30),
(243, 86, 30),
(244, 58, 31),
(245, 62, 31),
(246, 64, 31),
(247, 66, 31),
(248, 67, 31),
(249, 68, 31),
(250, 69, 31),
(251, 70, 31),
(252, 71, 31),
(253, 72, 31),
(254, 73, 31),
(255, 74, 31),
(256, 75, 31),
(257, 76, 31),
(258, 77, 31),
(259, 78, 31),
(260, 79, 31),
(261, 80, 31),
(262, 82, 31),
(263, 83, 31),
(264, 84, 31),
(265, 85, 31),
(266, 86, 31),
(267, 89, 31),
(268, 90, 31),
(269, 93, 31),
(270, 94, 31),
(271, 96, 31),
(272, 97, 31),
(273, 64, 32),
(274, 66, 32),
(275, 71, 32),
(276, 75, 32),
(277, 77, 32),
(278, 81, 32),
(279, 83, 32),
(280, 86, 32),
(281, 58, 32),
(282, 62, 32),
(283, 5, 33),
(284, 6, 33),
(285, 18, 33),
(286, 19, 33),
(287, 20, 33),
(288, 28, 33),
(289, 40, 33),
(290, 46, 33),
(291, 47, 33),
(292, 48, 33),
(293, 56, 33),
(294, 68, 33),
(295, 69, 33),
(296, 71, 33),
(297, 72, 33),
(298, 73, 33),
(299, 77, 33),
(300, 78, 33),
(301, 79, 33),
(302, 80, 33),
(303, 81, 33),
(304, 83, 33),
(305, 85, 33),
(306, 87, 33),
(307, 89, 33),
(308, 95, 33),
(309, 96, 33),
(310, 98, 33),
(311, 99, 33),
(312, 5, 34),
(313, 10, 34),
(314, 13, 34),
(315, 15, 34),
(316, 21, 34),
(317, 26, 34),
(318, 31, 34),
(319, 35, 34),
(320, 36, 34),
(321, 44, 34),
(322, 46, 34),
(323, 49, 34),
(324, 51, 34),
(325, 52, 34),
(326, 53, 34),
(327, 54, 34),
(328, 55, 34),
(329, 56, 34),
(330, 57, 34),
(331, 58, 34),
(332, 59, 34),
(333, 60, 34),
(334, 61, 34),
(335, 64, 34),
(336, 66, 34),
(337, 67, 34),
(338, 68, 34),
(339, 69, 34),
(340, 71, 34),
(341, 73, 34),
(342, 74, 34),
(343, 75, 34),
(344, 78, 34),
(345, 80, 34),
(346, 81, 34),
(347, 83, 34),
(348, 84, 34),
(349, 85, 34),
(350, 86, 34),
(351, 99, 34),
(352, 100, 34),
(353, 101, 34),
(354, 68, 35),
(355, 69, 35),
(356, 70, 35),
(357, 71, 35),
(358, 72, 35),
(359, 73, 35),
(360, 74, 35),
(361, 75, 35),
(362, 76, 35),
(363, 77, 35),
(364, 78, 35),
(365, 79, 35),
(366, 80, 35),
(367, 81, 35),
(368, 82, 35),
(369, 83, 35),
(370, 84, 35),
(371, 85, 35),
(372, 86, 35),
(373, 97, 35),
(374, 68, 36),
(375, 69, 36),
(376, 71, 36),
(377, 72, 36),
(378, 73, 36),
(379, 74, 36),
(380, 75, 36),
(381, 80, 36),
(382, 81, 36),
(383, 82, 36),
(384, 83, 36),
(385, 86, 36),
(386, 87, 36),
(387, 88, 36),
(388, 90, 36),
(389, 91, 36),
(390, 93, 36),
(391, 94, 36),
(392, 95, 36),
(393, 96, 36),
(394, 97, 36),
(395, 67, 37),
(396, 68, 37),
(397, 69, 37),
(398, 71, 37),
(399, 73, 37),
(400, 74, 37),
(401, 75, 37),
(402, 78, 37),
(403, 79, 37),
(404, 80, 37),
(405, 81, 37),
(406, 84, 37),
(407, 85, 37),
(408, 86, 37),
(409, 9, 38),
(410, 12, 38),
(411, 17, 38),
(412, 18, 38),
(413, 20, 38),
(414, 21, 38),
(415, 30, 38),
(416, 31, 38),
(417, 35, 38),
(418, 37, 38),
(419, 50, 38),
(420, 57, 38),
(421, 58, 38),
(422, 62, 38),
(423, 63, 38),
(424, 64, 38),
(425, 66, 38),
(426, 71, 38),
(427, 75, 38),
(428, 77, 38),
(429, 81, 38),
(430, 83, 38),
(431, 86, 38),
(432, 90, 38),
(433, 93, 38),
(434, 99, 38),
(435, 51, 39),
(436, 52, 39),
(437, 53, 39),
(438, 54, 39),
(439, 55, 39),
(440, 56, 39),
(441, 57, 39),
(442, 58, 39),
(443, 59, 39),
(444, 60, 39),
(445, 62, 39),
(446, 63, 39),
(447, 64, 39),
(448, 66, 39),
(449, 67, 39),
(450, 68, 39),
(451, 69, 39),
(452, 71, 39),
(453, 73, 39),
(454, 74, 39),
(455, 77, 39),
(456, 78, 39),
(457, 79, 39),
(458, 80, 39),
(459, 81, 39),
(460, 83, 39),
(461, 84, 39),
(462, 85, 39),
(463, 86, 39),
(464, 51, 40),
(465, 52, 40),
(466, 53, 40),
(467, 54, 40),
(468, 55, 40),
(469, 56, 40),
(470, 57, 40),
(471, 58, 40),
(472, 59, 40),
(473, 60, 40),
(474, 62, 40),
(475, 63, 40),
(476, 64, 40),
(477, 66, 40),
(478, 67, 40),
(479, 70, 40),
(480, 73, 40),
(481, 74, 40),
(482, 75, 40),
(483, 77, 40),
(484, 78, 40),
(485, 79, 40),
(486, 81, 40),
(487, 88, 40),
(488, 89, 40),
(489, 97, 40),
(490, 98, 40);

-- --------------------------------------------------------

--
-- Table structure for table `participationCategory`
--

CREATE TABLE `participationCategory` (
  `participationID` int(11) NOT NULL DEFAULT '0',
  `categoryID` int(11) NOT NULL DEFAULT '0'
) ENGINE=InnoDB DEFAULT CHARSET=latin1;

--
-- Dumping data for table `participationCategory`
--

INSERT INTO `participationCategory` (`participationID`, `categoryID`) VALUES
(1, 15),
(2, 20),
(3, 15),
(4, 20),
(5, 20),
(6, 15),
(7, 20),
(8, 15),
(9, 20),
(10, 20),
(11, 15),
(12, 20),
(13, 20),
(14, 66),
(15, 61),
(16, 61),
(17, 66),
(18, 61),
(19, 66),
(20, 61),
(21, 66),
(22, 61),
(23, 66),
(24, 66),
(25, 1),
(25, 5),
(26, 6),
(26, 10),
(27, 6),
(28, 1),
(28, 5),
(29, 10),
(30, 1),
(30, 5),
(31, 10),
(32, 1),
(32, 5),
(33, 1),
(33, 5),
(34, 6),
(34, 10),
(35, 6),
(35, 10),
(36, 1),
(36, 5),
(37, 1),
(38, 10),
(39, 1),
(39, 5),
(40, 5),
(41, 10),
(42, 1),
(42, 5),
(43, 6),
(43, 10),
(44, 1),
(44, 5),
(45, 6),
(45, 10),
(46, 1),
(47, 6),
(47, 10),
(48, 6),
(49, 1),
(50, 6),
(50, 10),
(51, 6),
(51, 10),
(52, 62),
(53, 67),
(54, 62),
(55, 62),
(56, 62),
(57, 67),
(58, 62),
(59, 62),
(60, 67),
(61, 62),
(62, 67),
(63, 62),
(64, 62),
(65, 67),
(66, 62),
(67, 67),
(68, 29),
(69, 29),
(70, 29),
(71, 29),
(72, 46),
(73, 75),
(74, 46),
(75, 75),
(76, 41),
(76, 75),
(77, 46),
(78, 41),
(79, 41),
(79, 75),
(80, 46),
(81, 41),
(81, 75),
(82, 46),
(83, 80),
(84, 41),
(85, 41),
(86, 46),
(87, 46),
(88, 41),
(89, 27),
(90, 27),
(91, 27),
(92, 27),
(93, 51),
(93, 53),
(94, 56),
(94, 58),
(95, 51),
(96, 56),
(96, 58),
(97, 51),
(97, 53),
(98, 56),
(98, 58),
(99, 53),
(100, 56),
(100, 58),
(101, 51),
(102, 58),
(103, 53),
(104, 58),
(105, 51),
(105, 53),
(106, 56),
(106, 58),
(107, 56),
(107, 58),
(108, 51),
(109, 56),
(109, 58),
(110, 53),
(111, 56),
(112, 51),
(112, 53),
(113, 13),
(113, 14),
(114, 18),
(114, 19),
(115, 14),
(116, 18),
(117, 13),
(117, 14),
(118, 18),
(119, 13),
(119, 14),
(120, 18),
(121, 13),
(122, 18),
(122, 19),
(123, 18),
(123, 19),
(124, 13),
(124, 14),
(125, 18),
(125, 19),
(126, 19),
(127, 60),
(128, 55),
(129, 60),
(130, 60),
(131, 55),
(132, 60),
(133, 55),
(134, 60),
(135, 55),
(136, 60),
(137, 55),
(138, 60),
(139, 60),
(140, 55),
(141, 60),
(142, 55),
(143, 60),
(144, 14),
(145, 14),
(146, 14),
(147, 19),
(148, 14),
(149, 19),
(150, 14),
(151, 19),
(152, 19),
(153, 14),
(154, 19),
(155, 41),
(156, 75),
(157, 41),
(158, 46),
(159, 41),
(160, 46),
(161, 41),
(161, 75),
(162, 41),
(162, 75),
(163, 46),
(164, 41),
(164, 75),
(165, 41),
(166, 46),
(166, 80),
(167, 46),
(168, 41),
(169, 41),
(170, 41),
(171, 46),
(172, 15),
(173, 20),
(174, 15),
(175, 20),
(176, 15),
(177, 15),
(178, 20),
(179, 15),
(180, 20),
(181, 15),
(182, 20),
(183, 45),
(183, 55),
(184, 45),
(184, 55),
(185, 50),
(186, 45),
(186, 55),
(187, 50),
(188, 50),
(188, 60),
(189, 45),
(189, 55),
(190, 50),
(190, 60),
(191, 45),
(191, 55),
(192, 60),
(193, 45),
(194, 50),
(194, 60),
(195, 50),
(195, 60),
(196, 45),
(196, 55),
(197, 50),
(197, 60),
(198, 45),
(199, 45),
(200, 50),
(201, 45),
(202, 50),
(203, 45),
(204, 50),
(205, 45),
(205, 55),
(206, 2),
(207, 7),
(208, 2),
(209, 2),
(210, 2),
(211, 2),
(212, 7),
(213, 7),
(214, 41),
(215, 46),
(216, 41),
(217, 46),
(218, 46),
(219, 46),
(220, 41),
(221, 41),
(222, 46),
(223, 7),
(223, 46),
(224, 2),
(225, 41),
(226, 7),
(227, 41),
(228, 63),
(229, 68),
(230, 63),
(231, 63),
(231, 73),
(232, 63),
(233, 68),
(234, 63),
(235, 63),
(235, 73),
(236, 68),
(237, 63),
(238, 68),
(239, 63),
(239, 73),
(240, 63),
(240, 73),
(241, 68),
(242, 63),
(243, 68),
(244, 28),
(245, 28),
(246, 28),
(247, 28),
(248, 41),
(248, 52),
(249, 46),
(249, 57),
(250, 41),
(250, 52),
(251, 46),
(251, 57),
(252, 52),
(253, 46),
(253, 57),
(254, 41),
(254, 52),
(255, 57),
(256, 41),
(256, 52),
(257, 46),
(257, 57),
(258, 41),
(258, 52),
(259, 46),
(260, 41),
(260, 52),
(261, 46),
(261, 57),
(262, 46),
(262, 57),
(263, 41),
(263, 52),
(264, 57),
(265, 41),
(265, 52),
(266, 46),
(266, 57),
(267, 41),
(268, 46),
(269, 41),
(270, 46),
(271, 46),
(272, 41),
(273, 30),
(274, 30),
(275, 74),
(276, 74),
(277, 74),
(278, 74),
(279, 74),
(280, 79),
(281, 30),
(282, 30),
(283, 2),
(284, 7),
(285, 7),
(286, 2),
(287, 7),
(288, 7),
(289, 7),
(290, 7),
(291, 2),
(292, 7),
(293, 7),
(294, 50),
(295, 45),
(296, 45),
(297, 50),
(298, 45),
(299, 45),
(300, 50),
(301, 45),
(302, 50),
(303, 45),
(304, 45),
(305, 45),
(306, 2),
(306, 45),
(307, 2),
(307, 45),
(308, 45),
(309, 7),
(309, 50),
(310, 7),
(310, 50),
(311, 7),
(312, 3),
(313, 8),
(314, 3),
(315, 3),
(316, 3),
(317, 8),
(318, 3),
(319, 3),
(320, 8),
(321, 8),
(322, 8),
(323, 3),
(324, 3),
(324, 12),
(325, 8),
(325, 17),
(326, 3),
(327, 8),
(327, 17),
(328, 3),
(329, 8),
(329, 17),
(330, 3),
(330, 12),
(331, 17),
(332, 12),
(333, 17),
(334, 3),
(335, 8),
(335, 17),
(336, 8),
(336, 17),
(337, 63),
(338, 68),
(339, 63),
(340, 63),
(341, 63),
(342, 68),
(343, 63),
(344, 68),
(345, 68),
(346, 63),
(347, 63),
(348, 68),
(349, 63),
(350, 68),
(351, 8),
(352, 8),
(353, 8),
(354, 57),
(355, 52),
(356, 57),
(357, 52),
(358, 57),
(359, 52),
(360, 57),
(361, 52),
(362, 57),
(363, 74),
(364, 57),
(365, 52),
(366, 57),
(367, 52),
(367, 72),
(367, 74),
(368, 57),
(369, 52),
(369, 72),
(370, 57),
(371, 52),
(372, 57),
(372, 77),
(372, 79),
(373, 52),
(374, 50),
(375, 42),
(375, 45),
(376, 45),
(377, 47),
(377, 50),
(378, 42),
(378, 45),
(379, 47),
(380, 42),
(380, 45),
(381, 47),
(382, 42),
(383, 47),
(383, 50),
(384, 45),
(385, 47),
(385, 50),
(386, 45),
(387, 47),
(387, 50),
(388, 47),
(388, 50),
(389, 42),
(389, 45),
(390, 45),
(391, 47),
(391, 50),
(392, 42),
(392, 45),
(393, 47),
(393, 50),
(394, 42),
(394, 45),
(395, 63),
(395, 65),
(396, 68),
(396, 70),
(397, 63),
(397, 65),
(398, 63),
(398, 65),
(399, 63),
(400, 68),
(400, 70),
(401, 63),
(401, 65),
(402, 68),
(403, 63),
(403, 65),
(404, 68),
(404, 70),
(405, 65),
(406, 70),
(407, 65),
(408, 68),
(408, 70),
(409, 1),
(410, 6),
(411, 1),
(412, 6),
(413, 6),
(414, 1),
(415, 6),
(416, 1),
(417, 1),
(418, 1),
(419, 6),
(420, 1),
(421, 6),
(421, 27),
(422, 6),
(422, 27),
(423, 1),
(424, 6),
(424, 27),
(425, 27),
(426, 71),
(427, 71),
(428, 71),
(429, 71),
(430, 71),
(431, 76),
(432, 6),
(433, 1),
(434, 6),
(435, 14),
(436, 19),
(437, 14),
(438, 19),
(439, 14),
(440, 19),
(441, 14),
(442, 19),
(443, 14),
(444, 19),
(445, 19),
(446, 14),
(447, 19),
(448, 19),
(449, 65),
(450, 70),
(451, 65),
(452, 65),
(453, 65),
(454, 70),
(455, 65),
(456, 70),
(457, 65),
(458, 70),
(459, 65),
(460, 65),
(461, 70),
(462, 65),
(463, 70),
(464, 11),
(465, 16),
(466, 11),
(467, 16),
(468, 11),
(469, 16),
(470, 11),
(471, 16),
(472, 11),
(473, 16),
(474, 16),
(475, 11),
(476, 16),
(477, 16),
(478, 42),
(479, 47),
(480, 42),
(481, 47),
(482, 42),
(483, 42),
(484, 47),
(485, 42),
(486, 42),
(487, 47),
(488, 42),
(489, 42),
(490, 47);

-- --------------------------------------------------------

--
-- Table structure for table `range`
--

CREATE TABLE `range` (
  `rangeID` int(11) NOT NULL,
  `roundType` varchar(50) NOT NULL,
  `rangeDistance` enum('10','20','30','40','50','60','70','90') NOT NULL,
  `rangeTargetSize` enum('80','120') NOT NULL,
  `rangeTotalEnds` int(11) NOT NULL,
  `rangeTotalArrowsPerEnd` int(11) NOT NULL
) ENGINE=InnoDB DEFAULT CHARSET=latin1;

--
-- Dumping data for table `range`
--

INSERT INTO `range` (`rangeID`, `roundType`, `rangeDistance`, `rangeTargetSize`, `rangeTotalEnds`, `rangeTotalArrowsPerEnd`) VALUES
(1, 'WA90/1440', '90', '120', 6, 6),
(2, 'WA90/1440', '70', '120', 6, 6),
(3, 'WA90/1440', '50', '80', 6, 6),
(4, 'WA90/1440', '30', '80', 6, 6),
(5, 'WA70/1440', '70', '120', 6, 6),
(6, 'WA70/1440', '60', '120', 6, 6),
(7, 'WA70/1440', '50', '80', 6, 6),
(8, 'WA70/1440', '30', '80', 6, 6),
(9, 'WA60/1440', '60', '120', 6, 6),
(10, 'WA60/1440', '50', '120', 6, 6),
(11, 'WA60/1440', '40', '80', 6, 6),
(12, 'WA60/1440', '30', '80', 6, 6),
(13, 'AA50/1440', '50', '120', 6, 6),
(14, 'AA50/1440', '40', '120', 6, 6),
(15, 'AA50/1440', '30', '80', 6, 6),
(16, 'AA50/1440', '20', '80', 6, 6),
(17, 'AA40/1440', '40', '120', 6, 6),
(18, 'AA40/1440', '30', '80', 6, 6),
(19, 'AA40/1440', '30', '80', 6, 6),
(20, 'AA40/1440', '20', '80', 6, 6),
(21, 'Long Sydney', '90', '120', 10, 6),
(22, 'Long Sydney', '70', '120', 10, 6),
(23, 'Long Sydney', '60', '120', 10, 6),
(24, 'Long Sydney', '50', '120', 10, 6),
(25, 'Sydney', '70', '120', 10, 6),
(26, 'Sydney', '60', '120', 10, 6),
(27, 'Sydney', '50', '120', 10, 6),
(28, 'Sydney', '40', '120', 10, 6),
(29, 'Long Brisbane', '90', '120', 10, 6),
(30, 'Long Brisbane', '70', '120', 10, 6),
(31, 'Long Brisbane', '60', '80', 10, 6),
(32, 'Long Brisbane', '50', '80', 10, 6),
(33, 'Brisbane', '70', '120', 10, 6),
(34, 'Brisbane', '60', '120', 10, 6),
(35, 'Brisbane', '50', '80', 10, 6),
(36, 'Brisbane', '40', '80', 10, 6),
(37, 'Adelaide', '60', '120', 10, 6),
(38, 'Adelaide', '50', '120', 10, 6),
(39, 'Adelaide', '40', '80', 10, 6),
(40, 'Adelaide', '30', '80', 10, 6),
(41, 'Short Adelaide', '50', '120', 10, 6),
(42, 'Short Adelaide', '40', '120', 10, 6),
(43, 'Short Adelaide', '30', '80', 10, 6),
(44, 'Short Adelaide', '20', '80', 10, 6),
(45, 'Hobart', '90', '120', 10, 6),
(46, 'Hobart', '70', '120', 10, 6),
(47, 'Hobart', '50', '120', 10, 6),
(48, 'Perth', '70', '120', 10, 6),
(49, 'Perth', '60', '120', 10, 6),
(50, 'Perth', '50', '120', 10, 6),
(51, 'WA60/900', '60', '120', 10, 6),
(52, 'WA60/900', '50', '120', 10, 6),
(53, 'WA60/900', '40', '120', 10, 6),
(54, 'Short Canberra', '50', '120', 10, 6),
(55, 'Short Canberra', '40', '120', 10, 6),
(56, 'Short Canberra', '30', '120', 10, 6),
(57, 'Junior Canberra', '40', '120', 10, 6),
(58, 'Junior Canberra', '30', '80', 10, 6),
(59, 'Junior Canberra', '20', '80', 10, 6),
(60, 'Mini Canberra', '30', '80', 10, 6),
(61, 'Mini Canberra', '20', '80', 10, 6),
(62, 'Mini Canberra', '10', '80', 10, 6),
(63, 'Grange', '70', '120', 30, 6),
(64, 'Melbourne', '60', '120', 30, 6),
(65, 'Darwin', '50', '120', 30, 6),
(66, 'Geelong', '40', '120', 30, 6),
(67, 'Newcastle', '30', '80', 30, 6),
(68, 'Holt', '60', '80', 30, 6),
(69, 'Samford', '50', '80', 30, 6),
(70, 'Drake', '40', '80', 30, 6),
(71, 'Wollongong', '90', '120', 6, 6),
(72, 'Wollongong', '70', '120', 6, 6),
(73, 'Townsville', '70', '120', 6, 6),
(74, 'Townsville', '60', '120', 6, 6),
(75, 'Launceston', '60', '80', 6, 6),
(76, 'Launceston', '40', '80', 6, 6),
(77, 'WA70/720', '70', '120', 24, 6),
(78, 'WA60/720', '60', '120', 24, 6),
(79, 'WA50/720', '60', '80', 24, 6),
(80, 'AA50/720', '60', '120', 24, 6),
(81, 'WABB50/720', '60', '120', 24, 6),
(82, 'AA40/720', '40', '120', 24, 6),
(83, 'AA30/720', '30', '80', 24, 6),
(84, 'AA20/720', '20', '80', 24, 6);

-- --------------------------------------------------------

--
-- Table structure for table `recorder`
--

CREATE TABLE `recorder` (
  `recorderID` int(11) NOT NULL,
  `firstName` varchar(50) NOT NULL,
  `lastName` varchar(50) NOT NULL,
  `email` varchar(100) NOT NULL,
  `password` varchar(255) NOT NULL
) ENGINE=InnoDB DEFAULT CHARSET=latin1;

--
-- Dumping data for table `recorder`
--

INSERT INTO `recorder` (`recorderID`, `firstName`, `lastName`, `email`, `password`) VALUES
(1, 'David', 'Erisen', 'david@yahool.com', 'admindavid');

-- --------------------------------------------------------

--
-- Table structure for table `round`
--

CREATE TABLE `round` (
  `roundID` int(11) NOT NULL,
  `competitionID` int(11) NOT NULL,
  `roundType` varchar(50) NOT NULL,
  `roundDate` date NOT NULL
) ENGINE=InnoDB DEFAULT CHARSET=latin1;

--
-- Dumping data for table `round`
--

INSERT INTO `round` (`roundID`, `competitionID`, `roundType`, `roundDate`) VALUES
(4, 40, 'WA70/720', '2024-03-15'),
(5, 40, 'WA60/720', '2024-03-16'),
(6, 40, 'AA50/720', '2024-03-17'),
(7, 21, 'WA90/1440', '2024-06-20'),
(8, 21, 'WA70/1440', '2024-06-22'),
(9, 21, 'WA60/1440', '2024-06-23'),
(10, 22, 'Long Sydney', '2024-09-10'),
(11, 22, 'Sydney', '2024-09-11'),
(12, 22, 'Brisbane', '2024-09-12'),
(13, 23, 'AA30/720', '2024-12-05'),
(14, 23, 'AA20/720', '2024-12-06'),
(15, 24, 'WA90/1440', '2024-04-18'),
(16, 24, 'WA70/1440', '2024-04-19'),
(17, 24, 'WA60/1440', '2024-04-21'),
(18, 25, 'WA70/720', '2024-07-08'),
(19, 25, 'WA60/720', '2024-07-10'),
(20, 25, 'AA50/720', '2024-07-11'),
(21, 26, 'Adelaide', '2024-05-22'),
(22, 26, 'Short Adelaide', '2024-05-23'),
(23, 26, 'Brisbane', '2024-05-24'),
(24, 27, 'Junior Canberra', '2024-08-14'),
(25, 27, 'Mini Canberra', '2024-08-15'),
(26, 27, 'AA40/720', '2024-08-16'),
(27, 28, 'Hobart', '2024-10-03'),
(28, 28, 'Perth', '2024-10-04'),
(29, 28, 'Melbourne', '2024-10-05'),
(30, 29, 'WA70/720', '2024-11-12'),
(31, 29, 'WA60/720', '2024-11-14'),
(32, 29, 'WA50/720', '2024-11-15'),
(33, 30, 'WA90/1440', '2024-02-28'),
(34, 30, 'WA70/1440', '2024-03-01'),
(35, 30, 'WA60/1440', '2024-03-02'),
(36, 31, 'Long Brisbane', '2024-05-05'),
(37, 31, 'Brisbane', '2024-05-06'),
(38, 31, 'Adelaide', '2024-05-07'),
(39, 32, 'Grange', '2024-07-25'),
(40, 32, 'Melbourne', '2024-07-26'),
(41, 32, 'Darwin', '2024-07-27'),
(42, 33, 'Sydney', '2024-09-18'),
(43, 33, 'Brisbane', '2024-09-19'),
(44, 33, 'Adelaide', '2024-09-20'),
(45, 34, 'AA50/720', '2024-01-20'),
(46, 34, 'AA40/720', '2024-01-21'),
(47, 34, 'AA30/720', '2024-01-22'),
(48, 35, 'WA90/1440', '2024-06-05'),
(49, 35, 'WA70/1440', '2024-06-06'),
(50, 35, 'WA60/1440', '2024-06-08'),
(51, 36, 'Hobart', '2024-08-28'),
(52, 36, 'Perth', '2024-08-29'),
(53, 36, 'WA60/900', '2024-08-30'),
(54, 37, 'Junior Canberra', '2024-04-10'),
(55, 37, 'Short Canberra', '2024-04-11'),
(56, 37, 'Mini Canberra', '2024-04-12'),
(57, 38, 'Geelong', '2024-10-15'),
(58, 38, 'Newcastle', '2024-10-16'),
(59, 38, 'Drake', '2024-10-17'),
(60, 39, 'Wollongong', '2024-12-20'),
(61, 39, 'Townsville', '2024-12-21'),
(62, 39, 'Launceston', '2024-12-23');

-- --------------------------------------------------------

--
-- Table structure for table `roundCategory`
--

CREATE TABLE `roundCategory` (
  `roundID` int(11) NOT NULL DEFAULT '0',
  `categoryID` int(11) NOT NULL DEFAULT '0'
) ENGINE=InnoDB DEFAULT CHARSET=latin1;

--
-- Dumping data for table `roundCategory`
--

INSERT INTO `roundCategory` (`roundID`, `categoryID`) VALUES
(4, 11),
(4, 16),
(5, 42),
(5, 47),
(6, 32),
(6, 37),
(7, 15),
(7, 20),
(8, 15),
(8, 20),
(9, 61),
(9, 66),
(10, 1),
(10, 6),
(11, 32),
(11, 37),
(12, 5),
(12, 10),
(13, 35),
(13, 40),
(14, 62),
(14, 67),
(15, 75),
(15, 80),
(16, 41),
(16, 46),
(17, 24),
(17, 29),
(18, 53),
(18, 58),
(19, 22),
(19, 27),
(20, 51),
(20, 56),
(21, 14),
(21, 19),
(22, 13),
(22, 18),
(23, 55),
(23, 60),
(24, 41),
(24, 46),
(25, 75),
(25, 80),
(26, 14),
(26, 19),
(27, 15),
(27, 20),
(28, 45),
(28, 50),
(29, 55),
(29, 60),
(30, 31),
(30, 36),
(31, 2),
(31, 7),
(32, 41),
(32, 46),
(33, 31),
(33, 36),
(34, 63),
(34, 68),
(35, 73),
(35, 78),
(36, 23),
(36, 28),
(37, 52),
(37, 57),
(38, 41),
(38, 46),
(39, 25),
(39, 30),
(40, 32),
(40, 37),
(41, 74),
(41, 79),
(42, 45),
(42, 50),
(43, 33),
(43, 38),
(44, 2),
(44, 7),
(45, 3),
(45, 8),
(46, 63),
(46, 68),
(47, 12),
(47, 17),
(48, 52),
(48, 57),
(49, 74),
(49, 79),
(50, 72),
(50, 77),
(51, 42),
(51, 47),
(52, 35),
(52, 40),
(53, 45),
(53, 50),
(54, 65),
(54, 70),
(55, 63),
(55, 68),
(56, 32),
(56, 37),
(57, 71),
(57, 76),
(58, 1),
(58, 6),
(59, 22),
(59, 27),
(60, 65),
(60, 70),
(61, 14),
(61, 19),
(62, 65),
(62, 70);

-- --------------------------------------------------------

--
-- Table structure for table `roundScore`
--

CREATE TABLE `roundScore` (
  `roundScoreID` int(11) NOT NULL,
  `participationID` int(11) NOT NULL,
  `roundID` int(11) NOT NULL,
  `totalScore` int(11) NOT NULL,
  `totalX` int(11) NOT NULL,
  `totalTen` int(11) NOT NULL,
  `dateRecorded` datetime NOT NULL
) ENGINE=InnoDB DEFAULT CHARSET=latin1;

--
-- Dumping data for table `roundScore`
--

INSERT INTO `roundScore` (`roundScoreID`, `participationID`, `roundID`, `totalScore`, `totalX`, `totalTen`, `dateRecorded`) VALUES
(1, 1, 7, 1171, 33, 57, '2024-06-20 18:56:00'),
(2, 1, 8, 1237, 49, 79, '2024-06-22 17:30:00'),
(3, 1, 9, 1162, 71, 103, '2024-06-23 13:29:00'),
(4, 2, 7, 1338, 31, 82, '2024-06-20 17:42:00'),
(5, 2, 8, 1189, 58, 92, '2024-06-22 12:36:00'),
(6, 2, 9, 1214, 66, 116, '2024-06-23 12:42:00'),
(7, 3, 7, 1294, 29, 55, '2024-06-20 16:26:00'),
(8, 3, 8, 1153, 22, 64, '2024-06-22 11:09:00'),
(9, 3, 9, 1232, 36, 71, '2024-06-23 08:11:00'),
(10, 4, 7, 1013, 38, 56, '2024-06-20 11:11:00'),
(11, 4, 8, 1267, 33, 51, '2024-06-22 08:02:00'),
(12, 4, 9, 1015, 22, 70, '2024-06-23 12:35:00'),
(13, 5, 7, 1338, 25, 74, '2024-06-20 09:40:00'),
(14, 5, 8, 1204, 29, 75, '2024-06-22 08:40:00'),
(15, 5, 9, 1275, 64, 120, '2024-06-23 10:15:00'),
(16, 6, 7, 1218, 21, 51, '2024-06-20 17:09:00'),
(17, 6, 8, 1096, 22, 51, '2024-06-22 10:06:00'),
(18, 6, 9, 1339, 18, 60, '2024-06-23 13:10:00'),
(19, 7, 7, 1230, 27, 77, '2024-06-20 17:46:00'),
(20, 7, 8, 1195, 41, 76, '2024-06-22 10:56:00'),
(21, 7, 9, 1267, 39, 105, '2024-06-23 13:34:00'),
(22, 8, 7, 1239, 25, 52, '2024-06-20 18:14:00'),
(23, 8, 8, 1154, 63, 101, '2024-06-22 13:37:00'),
(24, 8, 9, 1092, 19, 46, '2024-06-23 12:27:00'),
(25, 9, 7, 1335, 40, 120, '2024-06-20 18:49:00'),
(26, 9, 8, 1202, 56, 111, '2024-06-22 11:11:00'),
(27, 9, 9, 1263, 70, 108, '2024-06-23 12:52:00'),
(28, 10, 7, 1264, 34, 107, '2024-06-20 17:54:00'),
(29, 10, 8, 1128, 51, 92, '2024-06-22 17:56:00'),
(30, 10, 9, 1015, 25, 69, '2024-06-23 18:00:00'),
(31, 11, 7, 1150, 25, 51, '2024-06-20 13:31:00'),
(32, 11, 8, 1065, 59, 98, '2024-06-22 15:57:00'),
(33, 11, 9, 1279, 43, 112, '2024-06-23 08:58:00'),
(34, 12, 7, 1059, 47, 68, '2024-06-20 13:29:00'),
(35, 12, 8, 1055, 23, 74, '2024-06-22 13:01:00'),
(36, 12, 9, 1071, 49, 88, '2024-06-23 17:35:00'),
(37, 13, 7, 1184, 38, 67, '2024-06-20 18:26:00'),
(38, 13, 8, 1331, 65, 119, '2024-06-22 16:37:00'),
(39, 13, 9, 1291, 43, 65, '2024-06-23 18:42:00'),
(40, 14, 7, 1118, 45, 90, '2024-06-20 10:16:00'),
(41, 14, 8, 1256, 31, 51, '2024-06-22 10:50:00'),
(42, 14, 9, 978, 24, 57, '2024-06-23 14:55:00'),
(43, 15, 7, 1028, 20, 65, '2024-06-20 13:28:00'),
(44, 15, 8, 1070, 24, 81, '2024-06-22 18:32:00'),
(45, 15, 9, 1091, 35, 98, '2024-06-23 14:04:00'),
(46, 16, 7, 1114, 59, 101, '2024-06-20 11:35:00'),
(47, 16, 8, 1223, 25, 65, '2024-06-22 17:57:00'),
(48, 16, 9, 1128, 27, 53, '2024-06-23 09:02:00'),
(49, 17, 7, 993, 35, 84, '2024-06-20 12:33:00'),
(50, 17, 8, 1101, 32, 82, '2024-06-22 16:35:00'),
(51, 17, 9, 1283, 20, 67, '2024-06-23 18:45:00'),
(52, 18, 7, 957, 36, 69, '2024-06-20 10:15:00'),
(53, 18, 8, 1111, 52, 79, '2024-06-22 12:37:00'),
(54, 18, 9, 1060, 26, 81, '2024-06-23 11:40:00'),
(55, 19, 7, 1103, 45, 101, '2024-06-20 13:36:00'),
(56, 19, 8, 1140, 30, 46, '2024-06-22 12:25:00'),
(57, 19, 9, 1240, 37, 78, '2024-06-23 16:09:00'),
(58, 20, 7, 1216, 69, 113, '2024-06-20 15:34:00'),
(59, 20, 8, 1190, 43, 89, '2024-06-22 10:36:00'),
(60, 20, 9, 1267, 22, 63, '2024-06-23 15:47:00'),
(61, 21, 7, 1138, 46, 93, '2024-06-20 14:40:00'),
(62, 21, 8, 1305, 39, 87, '2024-06-22 17:54:00'),
(63, 21, 9, 948, 19, 46, '2024-06-23 11:29:00'),
(64, 22, 7, 1034, 41, 84, '2024-06-20 16:53:00'),
(65, 22, 8, 1347, 25, 61, '2024-06-22 18:52:00'),
(66, 22, 9, 1270, 36, 60, '2024-06-23 12:09:00'),
(67, 23, 7, 1245, 41, 104, '2024-06-20 18:54:00'),
(68, 23, 8, 1066, 23, 48, '2024-06-22 08:14:00'),
(69, 23, 9, 1026, 22, 48, '2024-06-23 17:36:00'),
(70, 24, 7, 1303, 51, 101, '2024-06-20 10:03:00'),
(71, 24, 8, 993, 39, 60, '2024-06-22 18:24:00'),
(72, 24, 9, 1139, 36, 97, '2024-06-23 11:55:00'),
(73, 25, 10, 1863, 53, 79, '2024-09-10 14:41:00'),
(74, 25, 11, 1811, 45, 77, '2024-09-11 10:57:00'),
(75, 25, 12, 1728, 93, 141, '2024-09-12 16:13:00'),
(76, 26, 10, 2160, 79, 124, '2024-09-10 08:49:00'),
(77, 26, 11, 2064, 55, 103, '2024-09-11 08:05:00'),
(78, 26, 12, 1948, 74, 137, '2024-09-12 18:36:00'),
(79, 27, 10, 1684, 90, 129, '2024-09-10 11:40:00'),
(80, 27, 11, 1990, 61, 90, '2024-09-11 14:12:00'),
(81, 27, 12, 1801, 49, 125, '2024-09-12 14:47:00'),
(82, 28, 10, 2099, 60, 152, '2024-09-10 16:19:00'),
(83, 28, 11, 1761, 75, 138, '2024-09-11 12:30:00'),
(84, 28, 12, 2250, 68, 190, '2024-09-12 09:55:00'),
(85, 29, 10, 2128, 40, 124, '2024-09-10 14:55:00'),
(86, 29, 11, 2142, 78, 121, '2024-09-11 10:49:00'),
(87, 29, 12, 1712, 53, 81, '2024-09-12 17:46:00'),
(88, 30, 10, 1585, 62, 151, '2024-09-10 18:36:00'),
(89, 30, 11, 1947, 79, 116, '2024-09-11 18:11:00'),
(90, 30, 12, 2022, 101, 200, '2024-09-12 08:37:00'),
(91, 31, 10, 2274, 47, 93, '2024-09-10 13:18:00'),
(92, 31, 11, 1869, 81, 184, '2024-09-11 15:28:00'),
(93, 31, 12, 1606, 55, 96, '2024-09-12 13:25:00'),
(94, 32, 10, 2000, 55, 82, '2024-09-10 16:58:00'),
(95, 32, 11, 2268, 136, 204, '2024-09-11 18:35:00'),
(96, 32, 12, 1894, 100, 148, '2024-09-12 11:37:00'),
(97, 33, 10, 1914, 50, 160, '2024-09-10 12:55:00'),
(98, 33, 11, 1811, 75, 140, '2024-09-11 17:11:00'),
(99, 33, 12, 1597, 76, 114, '2024-09-12 08:50:00'),
(100, 34, 10, 1925, 120, 186, '2024-09-10 08:47:00'),
(101, 34, 11, 1655, 70, 136, '2024-09-11 11:19:00'),
(102, 34, 12, 1919, 112, 166, '2024-09-12 10:14:00'),
(103, 35, 10, 1851, 65, 142, '2024-09-10 15:11:00'),
(104, 35, 11, 1653, 50, 75, '2024-09-11 09:43:00'),
(105, 35, 12, 2121, 70, 120, '2024-09-12 14:08:00'),
(106, 36, 10, 2045, 93, 142, '2024-09-10 11:10:00'),
(107, 36, 11, 1814, 48, 120, '2024-09-11 17:09:00'),
(108, 36, 12, 1890, 43, 144, '2024-09-12 15:55:00'),
(109, 37, 10, 1677, 79, 164, '2024-09-10 12:27:00'),
(110, 37, 11, 1774, 109, 160, '2024-09-11 18:44:00'),
(111, 37, 12, 1718, 56, 106, '2024-09-12 17:14:00'),
(112, 38, 10, 2161, 29, 90, '2024-09-10 15:56:00'),
(113, 38, 11, 1758, 30, 91, '2024-09-11 13:03:00'),
(114, 38, 12, 1705, 29, 69, '2024-09-12 18:04:00'),
(115, 39, 10, 2247, 49, 160, '2024-09-10 11:47:00'),
(116, 39, 11, 2221, 76, 118, '2024-09-11 18:56:00'),
(117, 39, 12, 1997, 50, 106, '2024-09-12 13:28:00'),
(118, 40, 10, 1580, 88, 157, '2024-09-10 13:54:00'),
(119, 40, 11, 2025, 86, 161, '2024-09-11 15:34:00'),
(120, 40, 12, 1816, 61, 92, '2024-09-12 09:39:00'),
(121, 41, 10, 1680, 82, 129, '2024-09-10 09:58:00'),
(122, 41, 11, 1956, 55, 90, '2024-09-11 14:42:00'),
(123, 41, 12, 2153, 105, 179, '2024-09-12 13:07:00'),
(124, 42, 10, 1854, 79, 118, '2024-09-10 16:17:00'),
(125, 42, 11, 2233, 56, 120, '2024-09-11 08:12:00'),
(126, 42, 12, 1773, 39, 131, '2024-09-12 08:09:00'),
(127, 43, 10, 1953, 45, 141, '2024-09-10 09:30:00'),
(128, 43, 11, 1743, 97, 146, '2024-09-11 09:10:00'),
(129, 43, 12, 1668, 73, 110, '2024-09-12 16:38:00'),
(130, 44, 10, 2163, 67, 174, '2024-09-10 14:53:00'),
(131, 44, 11, 1842, 57, 97, '2024-09-11 14:15:00'),
(132, 44, 12, 1895, 87, 178, '2024-09-12 17:02:00'),
(133, 45, 10, 1948, 46, 112, '2024-09-10 13:44:00'),
(134, 45, 11, 1915, 93, 147, '2024-09-11 11:16:00'),
(135, 45, 12, 2226, 119, 221, '2024-09-12 15:55:00'),
(136, 46, 10, 2117, 50, 148, '2024-09-10 10:48:00'),
(137, 46, 11, 2148, 52, 169, '2024-09-11 14:53:00'),
(138, 46, 12, 2082, 79, 198, '2024-09-12 16:31:00'),
(139, 47, 10, 2228, 53, 118, '2024-09-10 13:08:00'),
(140, 47, 11, 2076, 94, 152, '2024-09-11 13:42:00'),
(141, 47, 12, 2223, 60, 98, '2024-09-12 09:01:00'),
(142, 48, 10, 1891, 86, 158, '2024-09-10 10:39:00'),
(143, 48, 11, 1830, 95, 174, '2024-09-11 15:18:00'),
(144, 48, 12, 1709, 53, 151, '2024-09-12 17:47:00'),
(145, 49, 10, 2265, 76, 212, '2024-09-10 08:58:00'),
(146, 49, 11, 2153, 43, 101, '2024-09-11 08:38:00'),
(147, 49, 12, 1826, 65, 172, '2024-09-12 13:48:00'),
(148, 50, 10, 1880, 65, 143, '2024-09-10 15:27:00'),
(149, 50, 11, 1698, 50, 76, '2024-09-11 13:40:00'),
(150, 50, 12, 2268, 107, 203, '2024-09-12 17:22:00'),
(151, 51, 10, 1753, 114, 168, '2024-09-10 13:24:00'),
(152, 51, 11, 1627, 94, 151, '2024-09-11 15:56:00'),
(153, 51, 12, 2046, 39, 87, '2024-09-12 09:16:00'),
(154, 52, 13, 1037, 41, 87, '2024-12-05 18:39:00'),
(155, 52, 14, 1264, 33, 108, '2024-12-06 11:06:00'),
(156, 53, 13, 1306, 27, 81, '2024-12-05 12:23:00'),
(157, 53, 14, 984, 42, 78, '2024-12-06 09:07:00'),
(158, 54, 13, 1242, 32, 52, '2024-12-05 12:32:00'),
(159, 54, 14, 1219, 46, 78, '2024-12-06 14:39:00'),
(160, 55, 13, 1256, 30, 62, '2024-12-05 10:27:00'),
(161, 55, 14, 1242, 34, 111, '2024-12-06 18:45:00'),
(162, 56, 13, 1223, 43, 64, '2024-12-05 18:16:00'),
(163, 56, 14, 1142, 25, 56, '2024-12-06 12:57:00'),
(164, 57, 13, 1268, 47, 105, '2024-12-05 08:46:00'),
(165, 57, 14, 1200, 39, 99, '2024-12-06 10:12:00'),
(166, 58, 13, 1337, 70, 125, '2024-12-05 18:55:00'),
(167, 58, 14, 1063, 49, 106, '2024-12-06 12:07:00'),
(168, 59, 13, 1029, 41, 94, '2024-12-05 13:07:00'),
(169, 59, 14, 1099, 20, 44, '2024-12-06 10:21:00'),
(170, 60, 13, 1138, 50, 82, '2024-12-05 16:47:00'),
(171, 60, 14, 969, 49, 85, '2024-12-06 17:04:00'),
(172, 61, 13, 944, 24, 64, '2024-12-05 12:13:00'),
(173, 61, 14, 1352, 45, 107, '2024-12-06 14:07:00'),
(174, 62, 13, 1200, 33, 53, '2024-12-05 12:56:00'),
(175, 62, 14, 1113, 71, 102, '2024-12-06 17:21:00'),
(176, 63, 13, 1275, 57, 127, '2024-12-05 10:33:00'),
(177, 63, 14, 967, 34, 51, '2024-12-06 18:22:00'),
(178, 64, 13, 1261, 40, 93, '2024-12-05 12:49:00'),
(179, 64, 14, 1318, 38, 113, '2024-12-06 09:34:00'),
(180, 65, 13, 1200, 49, 88, '2024-12-05 10:27:00'),
(181, 65, 14, 1308, 47, 107, '2024-12-06 14:38:00'),
(182, 66, 13, 983, 27, 50, '2024-12-05 16:36:00'),
(183, 66, 14, 976, 20, 47, '2024-12-06 11:55:00'),
(184, 67, 13, 1307, 55, 119, '2024-12-05 13:00:00'),
(185, 67, 14, 1173, 20, 51, '2024-12-06 16:17:00'),
(186, 68, 15, 1038, 47, 85, '2024-04-18 09:53:00'),
(187, 68, 16, 1295, 37, 98, '2024-04-19 13:12:00'),
(188, 68, 17, 938, 48, 83, '2024-04-21 11:46:00'),
(189, 69, 15, 1204, 64, 103, '2024-04-18 12:38:00'),
(190, 69, 16, 1280, 45, 128, '2024-04-19 14:41:00'),
(191, 69, 17, 1199, 29, 89, '2024-04-21 11:29:00'),
(192, 70, 15, 975, 43, 74, '2024-04-18 17:07:00'),
(193, 70, 16, 995, 42, 78, '2024-04-19 18:50:00'),
(194, 70, 17, 944, 43, 86, '2024-04-21 16:24:00'),
(195, 71, 15, 1312, 58, 105, '2024-04-18 13:39:00'),
(196, 71, 16, 1063, 38, 69, '2024-04-19 13:32:00'),
(197, 71, 17, 1161, 23, 58, '2024-04-21 10:35:00'),
(198, 72, 15, 1206, 29, 56, '2024-04-18 10:00:00'),
(199, 72, 16, 1191, 26, 62, '2024-04-19 17:38:00'),
(200, 72, 17, 1219, 64, 103, '2024-04-21 16:44:00'),
(201, 73, 15, 1097, 39, 104, '2024-04-18 09:28:00'),
(202, 73, 16, 1177, 36, 85, '2024-04-19 14:59:00'),
(203, 73, 17, 1253, 54, 117, '2024-04-21 11:51:00'),
(204, 74, 15, 1263, 46, 95, '2024-04-18 09:56:00'),
(205, 74, 16, 1077, 19, 46, '2024-04-19 10:29:00'),
(206, 74, 17, 1181, 28, 50, '2024-04-21 08:35:00'),
(207, 75, 15, 1228, 23, 50, '2024-04-18 10:21:00'),
(208, 75, 16, 1036, 19, 46, '2024-04-19 11:24:00'),
(209, 75, 17, 1338, 47, 91, '2024-04-21 18:43:00'),
(210, 76, 15, 943, 21, 39, '2024-04-18 14:27:00'),
(211, 76, 16, 1273, 19, 62, '2024-04-19 09:08:00'),
(212, 76, 17, 1347, 46, 119, '2024-04-21 13:01:00'),
(213, 77, 15, 1163, 35, 64, '2024-04-18 16:10:00'),
(214, 77, 16, 1043, 23, 60, '2024-04-19 17:33:00'),
(215, 77, 17, 1230, 25, 56, '2024-04-21 15:44:00'),
(216, 78, 15, 1259, 48, 112, '2024-04-18 17:46:00'),
(217, 78, 16, 1046, 25, 62, '2024-04-19 15:42:00'),
(218, 78, 17, 977, 20, 45, '2024-04-21 14:27:00'),
(219, 79, 15, 1208, 25, 75, '2024-04-18 13:34:00'),
(220, 79, 16, 1063, 16, 54, '2024-04-19 15:54:00'),
(221, 79, 17, 960, 23, 45, '2024-04-21 13:30:00'),
(222, 80, 15, 1339, 46, 116, '2024-04-18 14:06:00'),
(223, 80, 16, 1292, 36, 64, '2024-04-19 08:00:00'),
(224, 80, 17, 1359, 80, 133, '2024-04-21 10:04:00'),
(225, 81, 15, 1275, 24, 56, '2024-04-18 18:28:00'),
(226, 81, 16, 1305, 45, 121, '2024-04-19 09:01:00'),
(227, 81, 17, 1293, 51, 73, '2024-04-21 15:04:00'),
(228, 82, 15, 1040, 29, 82, '2024-04-18 08:47:00'),
(229, 82, 16, 1194, 47, 104, '2024-04-19 16:47:00'),
(230, 82, 17, 1321, 75, 120, '2024-04-21 12:30:00'),
(231, 83, 15, 1365, 36, 80, '2024-04-18 11:11:00'),
(232, 83, 16, 1348, 59, 92, '2024-04-19 11:34:00'),
(233, 83, 17, 1145, 30, 87, '2024-04-21 13:40:00'),
(234, 84, 15, 1130, 29, 73, '2024-04-18 08:01:00'),
(235, 84, 16, 1106, 39, 87, '2024-04-19 11:02:00'),
(236, 84, 17, 1031, 36, 67, '2024-04-21 12:13:00'),
(237, 85, 15, 1261, 57, 85, '2024-04-18 09:23:00'),
(238, 85, 16, 1133, 54, 104, '2024-04-19 10:47:00'),
(239, 85, 17, 1168, 49, 82, '2024-04-21 08:01:00'),
(240, 86, 15, 998, 22, 69, '2024-04-18 16:02:00'),
(241, 86, 16, 999, 19, 52, '2024-04-19 11:42:00'),
(242, 86, 17, 1243, 40, 122, '2024-04-21 15:41:00'),
(243, 87, 15, 1084, 32, 50, '2024-04-18 12:45:00'),
(244, 87, 16, 1145, 36, 95, '2024-04-19 15:26:00'),
(245, 87, 17, 1295, 45, 73, '2024-04-21 14:09:00'),
(246, 88, 15, 1105, 18, 52, '2024-04-18 15:43:00'),
(247, 88, 16, 943, 32, 77, '2024-04-19 12:57:00'),
(248, 88, 17, 1289, 37, 110, '2024-04-21 18:04:00'),
(249, 89, 18, 1332, 17, 56, '2024-07-08 14:42:00'),
(250, 89, 19, 1061, 39, 60, '2024-07-10 09:41:00'),
(251, 89, 20, 1260, 27, 86, '2024-07-11 10:49:00'),
(252, 90, 18, 1244, 41, 70, '2024-07-08 16:39:00'),
(253, 90, 19, 1288, 26, 69, '2024-07-10 12:34:00'),
(254, 90, 20, 1322, 39, 104, '2024-07-11 15:30:00'),
(255, 91, 18, 1210, 72, 114, '2024-07-08 18:40:00'),
(256, 91, 19, 1290, 63, 97, '2024-07-10 08:37:00'),
(257, 91, 20, 1266, 41, 104, '2024-07-11 16:27:00'),
(258, 92, 18, 954, 48, 70, '2024-07-08 12:04:00'),
(259, 92, 19, 996, 26, 72, '2024-07-10 16:54:00'),
(260, 92, 20, 1050, 33, 81, '2024-07-11 13:28:00'),
(261, 93, 18, 1164, 28, 73, '2024-07-08 09:39:00'),
(262, 93, 19, 1319, 48, 127, '2024-07-10 15:56:00'),
(263, 93, 20, 1361, 45, 79, '2024-07-11 16:38:00'),
(264, 94, 18, 1074, 19, 55, '2024-07-08 12:10:00'),
(265, 94, 19, 1042, 25, 48, '2024-07-10 12:46:00'),
(266, 94, 20, 1326, 77, 123, '2024-07-11 14:27:00'),
(267, 95, 18, 1342, 38, 84, '2024-07-08 09:06:00'),
(268, 95, 19, 1318, 35, 103, '2024-07-10 16:17:00'),
(269, 95, 20, 1360, 33, 95, '2024-07-11 08:17:00'),
(270, 96, 18, 1084, 49, 101, '2024-07-08 12:44:00'),
(271, 96, 19, 948, 21, 52, '2024-07-10 17:03:00'),
(272, 96, 20, 944, 23, 75, '2024-07-11 08:54:00'),
(273, 97, 18, 1240, 45, 106, '2024-07-08 16:20:00'),
(274, 97, 19, 1106, 32, 48, '2024-07-10 14:54:00'),
(275, 97, 20, 1192, 27, 53, '2024-07-11 17:25:00'),
(276, 98, 18, 1305, 48, 92, '2024-07-08 11:26:00'),
(277, 98, 19, 1300, 36, 105, '2024-07-10 13:50:00'),
(278, 98, 20, 1326, 37, 65, '2024-07-11 09:47:00'),
(279, 99, 18, 1363, 55, 135, '2024-07-08 13:22:00'),
(280, 99, 19, 1329, 50, 109, '2024-07-10 11:23:00'),
(281, 99, 20, 1046, 37, 71, '2024-07-11 09:07:00'),
(282, 100, 18, 1158, 43, 73, '2024-07-08 14:55:00'),
(283, 100, 19, 1195, 36, 117, '2024-07-10 11:55:00'),
(284, 100, 20, 1209, 38, 68, '2024-07-11 14:12:00'),
(285, 101, 18, 956, 26, 72, '2024-07-08 08:50:00'),
(286, 101, 19, 1117, 48, 69, '2024-07-10 15:36:00'),
(287, 101, 20, 1349, 48, 84, '2024-07-11 18:37:00'),
(288, 102, 18, 954, 29, 74, '2024-07-08 11:54:00'),
(289, 102, 19, 1266, 42, 81, '2024-07-10 11:48:00'),
(290, 102, 20, 1076, 35, 102, '2024-07-11 15:37:00'),
(291, 103, 18, 1188, 35, 81, '2024-07-08 14:24:00'),
(292, 103, 19, 1178, 22, 49, '2024-07-10 12:14:00'),
(293, 103, 20, 1272, 41, 59, '2024-07-11 10:01:00'),
(294, 104, 18, 1126, 32, 48, '2024-07-08 09:12:00'),
(295, 104, 19, 1246, 58, 106, '2024-07-10 11:27:00'),
(296, 104, 20, 1257, 68, 100, '2024-07-11 11:51:00'),
(297, 105, 18, 1329, 42, 99, '2024-07-08 11:57:00'),
(298, 105, 19, 1163, 24, 50, '2024-07-10 17:00:00'),
(299, 105, 20, 1059, 23, 49, '2024-07-11 11:06:00'),
(300, 106, 18, 1318, 54, 102, '2024-07-08 15:53:00'),
(301, 106, 19, 1047, 24, 67, '2024-07-10 18:29:00'),
(302, 106, 20, 1046, 43, 104, '2024-07-11 17:54:00'),
(303, 107, 18, 1136, 64, 102, '2024-07-08 11:41:00'),
(304, 107, 19, 1112, 43, 105, '2024-07-10 16:51:00'),
(305, 107, 20, 1360, 25, 82, '2024-07-11 12:25:00'),
(306, 108, 18, 994, 60, 95, '2024-07-08 10:33:00'),
(307, 108, 19, 1187, 35, 71, '2024-07-10 15:54:00'),
(308, 108, 20, 1217, 47, 86, '2024-07-11 15:27:00'),
(309, 109, 18, 963, 32, 81, '2024-07-08 08:51:00'),
(310, 109, 19, 1169, 42, 75, '2024-07-10 08:19:00'),
(311, 109, 20, 1354, 38, 125, '2024-07-11 16:23:00'),
(312, 110, 18, 1147, 36, 111, '2024-07-08 15:53:00'),
(313, 110, 19, 968, 20, 54, '2024-07-10 08:46:00'),
(314, 110, 20, 1274, 62, 102, '2024-07-11 11:01:00'),
(315, 111, 18, 1081, 31, 97, '2024-07-08 15:36:00'),
(316, 111, 19, 1304, 36, 54, '2024-07-10 16:10:00'),
(317, 111, 20, 1102, 28, 82, '2024-07-11 14:32:00'),
(318, 112, 18, 1045, 31, 103, '2024-07-08 18:44:00'),
(319, 112, 19, 977, 37, 74, '2024-07-10 09:46:00'),
(320, 112, 20, 1357, 73, 111, '2024-07-11 16:52:00'),
(321, 113, 21, 2113, 906, 1407, '2024-05-22 18:15:00'),
(322, 113, 22, 1593, 37, 94, '2024-05-23 08:08:00'),
(323, 113, 23, 1967, 74, 121, '2024-05-24 18:24:00'),
(324, 114, 21, 1809, 443, 725, '2024-05-22 13:25:00'),
(325, 114, 22, 1711, 38, 96, '2024-05-23 12:46:00'),
(326, 114, 23, 1948, 106, 157, '2024-05-24 18:52:00'),
(327, 115, 21, 1946, 935, 1684, '2024-05-22 12:48:00'),
(328, 115, 22, 2252, 49, 128, '2024-05-23 13:47:00'),
(329, 115, 23, 1969, 83, 172, '2024-05-24 16:13:00'),
(330, 116, 21, 1697, 1011, 1514, '2024-05-22 13:56:00'),
(331, 116, 22, 1861, 41, 90, '2024-05-23 14:55:00'),
(332, 116, 23, 1821, 76, 147, '2024-05-24 09:16:00'),
(333, 117, 21, 2017, 1029, 2012, '2024-05-22 08:13:00'),
(334, 117, 22, 1960, 85, 180, '2024-05-23 14:54:00'),
(335, 117, 23, 2066, 63, 200, '2024-05-24 09:57:00'),
(336, 118, 21, 1923, 512, 932, '2024-05-22 09:23:00'),
(337, 118, 22, 1926, 79, 163, '2024-05-23 14:59:00'),
(338, 118, 23, 1694, 33, 72, '2024-05-24 09:46:00'),
(339, 119, 21, 1851, 606, 1373, '2024-05-22 18:45:00'),
(340, 119, 22, 2148, 99, 180, '2024-05-23 16:38:00'),
(341, 119, 23, 1703, 59, 153, '2024-05-24 09:23:00'),
(342, 120, 21, 1805, 598, 1758, '2024-05-22 13:14:00'),
(343, 120, 22, 1787, 55, 124, '2024-05-23 18:46:00'),
(344, 120, 23, 1672, 54, 91, '2024-05-24 15:37:00'),
(345, 121, 21, 1663, 419, 1156, '2024-05-22 13:11:00'),
(346, 121, 22, 1583, 89, 153, '2024-05-23 14:58:00'),
(347, 121, 23, 1596, 38, 92, '2024-05-24 10:00:00'),
(348, 122, 21, 2208, 901, 1686, '2024-05-22 10:56:00'),
(349, 122, 22, 1957, 44, 112, '2024-05-23 11:42:00'),
(350, 122, 23, 2279, 77, 200, '2024-05-24 08:20:00'),
(351, 123, 21, 1567, 915, 1513, '2024-05-22 11:35:00'),
(352, 123, 22, 1800, 73, 132, '2024-05-23 17:34:00'),
(353, 123, 23, 1588, 98, 140, '2024-05-24 17:09:00'),
(354, 124, 21, 1734, 501, 1416, '2024-05-22 17:44:00'),
(355, 124, 22, 2010, 114, 181, '2024-05-23 16:11:00'),
(356, 124, 23, 1780, 75, 117, '2024-05-24 09:15:00'),
(357, 125, 21, 2145, 661, 1880, '2024-05-22 16:05:00'),
(358, 125, 22, 1754, 30, 95, '2024-05-23 14:01:00'),
(359, 125, 23, 1711, 45, 94, '2024-05-24 08:57:00'),
(360, 126, 21, 2234, 340, 1000, '2024-05-22 12:28:00'),
(361, 126, 22, 1805, 65, 135, '2024-05-23 13:16:00'),
(362, 126, 23, 1983, 47, 153, '2024-05-24 17:07:00'),
(363, 127, 21, 2095, 577, 864, '2024-05-22 12:43:00'),
(364, 127, 22, 1620, 35, 98, '2024-05-23 12:05:00'),
(365, 127, 23, 1844, 66, 113, '2024-05-24 12:10:00'),
(366, 128, 21, 2092, 769, 1843, '2024-05-22 12:45:00'),
(367, 128, 22, 2253, 56, 116, '2024-05-23 12:48:00'),
(368, 128, 23, 2079, 70, 163, '2024-05-24 16:10:00'),
(369, 129, 21, 1857, 1002, 1687, '2024-05-22 16:47:00'),
(370, 129, 22, 1783, 46, 114, '2024-05-23 16:07:00'),
(371, 129, 23, 2272, 53, 90, '2024-05-24 14:10:00'),
(372, 130, 21, 1683, 343, 723, '2024-05-22 18:25:00'),
(373, 130, 22, 2227, 47, 116, '2024-05-23 13:44:00'),
(374, 130, 23, 1847, 71, 179, '2024-05-24 17:43:00'),
(375, 131, 21, 2133, 639, 967, '2024-05-22 12:12:00'),
(376, 131, 22, 1754, 53, 81, '2024-05-23 11:40:00'),
(377, 131, 23, 1945, 47, 114, '2024-05-24 15:21:00'),
(378, 132, 21, 1802, 519, 986, '2024-05-22 16:42:00'),
(379, 132, 22, 2018, 69, 199, '2024-05-23 16:04:00'),
(380, 132, 23, 1570, 33, 100, '2024-05-24 09:15:00'),
(381, 133, 21, 2025, 1062, 1628, '2024-05-22 12:12:00'),
(382, 133, 22, 2214, 56, 179, '2024-05-23 18:59:00'),
(383, 133, 23, 2073, 52, 101, '2024-05-24 09:10:00'),
(384, 134, 21, 1796, 500, 1350, '2024-05-22 12:26:00'),
(385, 134, 22, 1932, 77, 141, '2024-05-23 14:13:00'),
(386, 134, 23, 1700, 83, 125, '2024-05-24 10:52:00'),
(387, 135, 21, 1779, 486, 824, '2024-05-22 09:33:00'),
(388, 135, 22, 1739, 59, 88, '2024-05-23 12:08:00'),
(389, 135, 23, 1859, 93, 175, '2024-05-24 10:45:00'),
(390, 136, 21, 1714, 1048, 1584, '2024-05-22 18:43:00'),
(391, 136, 22, 2243, 113, 181, '2024-05-23 09:10:00'),
(392, 136, 23, 1774, 42, 75, '2024-05-24 15:37:00'),
(393, 137, 21, 1978, 380, 1104, '2024-05-22 13:53:00'),
(394, 137, 22, 1723, 67, 125, '2024-05-23 09:00:00'),
(395, 137, 23, 2178, 59, 100, '2024-05-24 15:24:00'),
(396, 138, 21, 2210, 527, 886, '2024-05-22 09:52:00'),
(397, 138, 22, 2134, 64, 192, '2024-05-23 18:57:00'),
(398, 138, 23, 2130, 123, 196, '2024-05-24 16:27:00'),
(399, 139, 21, 2137, 407, 1002, '2024-05-22 18:42:00'),
(400, 139, 22, 1681, 51, 84, '2024-05-23 17:41:00'),
(401, 139, 23, 1775, 59, 140, '2024-05-24 13:44:00'),
(402, 140, 21, 2024, 660, 1434, '2024-05-22 17:25:00'),
(403, 140, 22, 2062, 50, 151, '2024-05-23 10:32:00'),
(404, 140, 23, 1728, 31, 97, '2024-05-24 18:30:00'),
(405, 141, 21, 2207, 712, 1124, '2024-05-22 10:08:00'),
(406, 141, 22, 2238, 49, 157, '2024-05-23 16:59:00'),
(407, 141, 23, 1687, 47, 129, '2024-05-24 18:33:00'),
(408, 142, 21, 2126, 579, 1097, '2024-05-22 16:34:00'),
(409, 142, 22, 1996, 69, 194, '2024-05-23 12:50:00'),
(410, 142, 23, 1979, 45, 86, '2024-05-24 14:51:00'),
(411, 143, 21, 1848, 1010, 1734, '2024-05-22 08:29:00'),
(412, 143, 22, 1788, 52, 77, '2024-05-23 09:37:00'),
(413, 143, 23, 1736, 27, 75, '2024-05-24 12:15:00'),
(414, 144, 24, 1387, 62, 99, '2024-08-14 09:39:00'),
(415, 144, 25, 1292, 53, 88, '2024-08-15 16:03:00'),
(416, 144, 26, 1325, 52, 124, '2024-08-16 16:59:00'),
(417, 145, 24, 1191, 74, 117, '2024-08-14 10:07:00'),
(418, 145, 25, 1643, 38, 103, '2024-08-15 08:47:00'),
(419, 145, 26, 1226, 61, 92, '2024-08-16 12:10:00'),
(420, 146, 24, 1190, 43, 101, '2024-08-14 15:05:00'),
(421, 146, 25, 1448, 53, 96, '2024-08-15 17:59:00'),
(422, 146, 26, 1356, 52, 120, '2024-08-16 15:37:00'),
(423, 147, 24, 1481, 85, 141, '2024-08-14 14:37:00'),
(424, 147, 25, 1452, 58, 91, '2024-08-15 14:29:00'),
(425, 147, 26, 1323, 23, 68, '2024-08-16 15:56:00'),
(426, 148, 24, 1379, 66, 106, '2024-08-14 10:32:00'),
(427, 148, 25, 1263, 37, 88, '2024-08-15 08:29:00'),
(428, 148, 26, 1018, 47, 87, '2024-08-16 16:34:00'),
(429, 149, 24, 1590, 95, 145, '2024-08-14 17:16:00'),
(430, 149, 25, 1208, 72, 113, '2024-08-15 18:07:00'),
(431, 149, 26, 1085, 32, 62, '2024-08-16 18:47:00'),
(432, 150, 24, 1663, 38, 129, '2024-08-14 10:36:00'),
(433, 150, 25, 1287, 39, 116, '2024-08-15 08:52:00'),
(434, 150, 26, 1136, 59, 96, '2024-08-16 08:37:00'),
(435, 151, 24, 1604, 50, 107, '2024-08-14 10:43:00'),
(436, 151, 25, 1487, 64, 118, '2024-08-15 08:37:00'),
(437, 151, 26, 1270, 17, 54, '2024-08-16 17:54:00'),
(438, 152, 24, 1189, 48, 74, '2024-08-14 15:56:00'),
(439, 152, 25, 1625, 49, 85, '2024-08-15 09:27:00'),
(440, 152, 26, 1105, 34, 54, '2024-08-16 11:50:00'),
(441, 153, 24, 1438, 21, 58, '2024-08-14 15:34:00'),
(442, 153, 25, 1451, 66, 97, '2024-08-15 17:21:00'),
(443, 153, 26, 1357, 32, 81, '2024-08-16 11:57:00'),
(444, 154, 24, 1398, 51, 85, '2024-08-14 13:04:00'),
(445, 154, 25, 1480, 77, 119, '2024-08-15 09:51:00'),
(446, 154, 26, 1209, 65, 105, '2024-08-16 14:17:00'),
(447, 155, 24, 1192, 38, 117, '2024-08-14 18:17:00'),
(448, 155, 25, 1250, 42, 92, '2024-08-15 14:56:00'),
(449, 155, 26, 1017, 28, 51, '2024-08-16 14:24:00'),
(450, 156, 24, 1173, 39, 63, '2024-08-14 11:56:00'),
(451, 156, 25, 1306, 23, 60, '2024-08-15 13:37:00'),
(452, 156, 26, 1104, 75, 108, '2024-08-16 08:55:00'),
(453, 157, 24, 1261, 41, 86, '2024-08-14 08:19:00'),
(454, 157, 25, 1210, 39, 100, '2024-08-15 18:04:00'),
(455, 157, 26, 1127, 31, 46, '2024-08-16 09:08:00'),
(456, 158, 24, 1285, 30, 62, '2024-08-14 15:59:00'),
(457, 158, 25, 1472, 73, 132, '2024-08-15 17:25:00'),
(458, 158, 26, 1167, 34, 93, '2024-08-16 15:54:00'),
(459, 159, 24, 1250, 33, 64, '2024-08-14 16:42:00'),
(460, 159, 25, 1624, 31, 71, '2024-08-15 13:46:00'),
(461, 159, 26, 954, 32, 54, '2024-08-16 14:43:00'),
(462, 160, 24, 1600, 32, 85, '2024-08-14 11:38:00'),
(463, 160, 25, 1512, 46, 86, '2024-08-15 13:07:00'),
(464, 160, 26, 1223, 22, 59, '2024-08-16 12:39:00'),
(465, 161, 24, 1646, 33, 88, '2024-08-14 09:54:00'),
(466, 161, 25, 1287, 73, 117, '2024-08-15 17:06:00'),
(467, 161, 26, 1308, 39, 64, '2024-08-16 18:42:00'),
(468, 162, 24, 1207, 15, 52, '2024-08-14 15:49:00'),
(469, 162, 25, 1409, 71, 106, '2024-08-15 11:09:00'),
(470, 162, 26, 1215, 29, 85, '2024-08-16 09:48:00'),
(471, 163, 24, 1351, 78, 117, '2024-08-14 18:16:00'),
(472, 163, 25, 1675, 103, 156, '2024-08-15 09:04:00'),
(473, 163, 26, 1046, 45, 87, '2024-08-16 18:30:00'),
(474, 164, 24, 1305, 44, 116, '2024-08-14 11:45:00'),
(475, 164, 25, 1221, 43, 104, '2024-08-15 11:31:00'),
(476, 164, 26, 1297, 32, 53, '2024-08-16 09:25:00'),
(477, 165, 24, 1464, 55, 86, '2024-08-14 12:33:00'),
(478, 165, 25, 1516, 62, 151, '2024-08-15 09:51:00'),
(479, 165, 26, 1203, 37, 59, '2024-08-16 13:47:00'),
(480, 166, 24, 1500, 39, 131, '2024-08-14 13:49:00'),
(481, 166, 25, 1287, 39, 98, '2024-08-15 17:12:00'),
(482, 166, 26, 1018, 19, 48, '2024-08-16 12:56:00'),
(483, 167, 24, 1211, 65, 109, '2024-08-14 13:43:00'),
(484, 167, 25, 1457, 76, 140, '2024-08-15 08:41:00'),
(485, 167, 26, 1138, 35, 71, '2024-08-16 14:11:00'),
(486, 168, 24, 1362, 49, 90, '2024-08-14 18:20:00'),
(487, 168, 25, 1219, 47, 115, '2024-08-15 15:12:00'),
(488, 168, 26, 1362, 44, 100, '2024-08-16 13:07:00'),
(489, 169, 24, 1589, 46, 117, '2024-08-14 13:27:00'),
(490, 169, 25, 1470, 50, 75, '2024-08-15 16:21:00'),
(491, 169, 26, 1252, 43, 64, '2024-08-16 10:49:00'),
(492, 170, 24, 1573, 101, 153, '2024-08-14 10:11:00'),
(493, 170, 25, 1631, 95, 144, '2024-08-15 14:41:00'),
(494, 170, 26, 1261, 65, 114, '2024-08-16 14:24:00'),
(495, 171, 24, 1252, 43, 95, '2024-08-14 08:30:00'),
(496, 171, 25, 1596, 41, 131, '2024-08-15 09:58:00'),
(497, 171, 26, 1322, 56, 126, '2024-08-16 17:22:00'),
(498, 172, 27, 1427, 34, 87, '2024-10-03 13:09:00'),
(499, 172, 28, 1445, 34, 93, '2024-10-04 12:09:00'),
(500, 172, 29, 1571, 22, 70, '2024-10-05 13:12:00'),
(501, 173, 27, 1633, 86, 144, '2024-10-03 08:39:00'),
(502, 173, 28, 1291, 30, 65, '2024-10-04 17:32:00'),
(503, 173, 29, 1591, 29, 65, '2024-10-05 15:26:00'),
(504, 174, 27, 1683, 58, 112, '2024-10-03 14:46:00'),
(505, 174, 28, 1490, 26, 82, '2024-10-04 18:56:00'),
(506, 174, 29, 1455, 39, 126, '2024-10-05 09:27:00'),
(507, 175, 27, 1288, 48, 73, '2024-10-03 14:58:00'),
(508, 175, 28, 1451, 45, 127, '2024-10-04 12:17:00'),
(509, 175, 29, 1250, 30, 86, '2024-10-05 12:59:00'),
(510, 176, 27, 1317, 36, 89, '2024-10-03 11:49:00'),
(511, 176, 28, 1286, 52, 125, '2024-10-04 15:19:00'),
(512, 176, 29, 1471, 40, 82, '2024-10-05 10:36:00'),
(513, 177, 27, 1700, 66, 130, '2024-10-03 11:07:00'),
(514, 177, 28, 1196, 33, 60, '2024-10-04 16:46:00'),
(515, 177, 29, 1447, 37, 106, '2024-10-05 09:01:00'),
(516, 178, 27, 1673, 61, 148, '2024-10-03 16:14:00'),
(517, 178, 28, 1348, 59, 108, '2024-10-04 16:08:00'),
(518, 178, 29, 1496, 46, 111, '2024-10-05 11:53:00'),
(519, 179, 27, 1326, 40, 93, '2024-10-03 08:51:00'),
(520, 179, 28, 1213, 49, 110, '2024-10-04 12:24:00'),
(521, 179, 29, 1337, 54, 121, '2024-10-05 08:19:00'),
(522, 180, 27, 1207, 55, 99, '2024-10-03 08:10:00'),
(523, 180, 28, 1403, 70, 116, '2024-10-04 09:23:00'),
(524, 180, 29, 1522, 47, 82, '2024-10-05 17:36:00'),
(525, 181, 27, 1693, 97, 162, '2024-10-03 09:47:00'),
(526, 181, 28, 1201, 36, 52, '2024-10-04 18:48:00'),
(527, 181, 29, 1702, 57, 125, '2024-10-05 16:23:00'),
(528, 182, 27, 1515, 53, 95, '2024-10-03 18:53:00'),
(529, 182, 28, 1271, 33, 72, '2024-10-04 17:13:00'),
(530, 182, 29, 1449, 78, 134, '2024-10-05 13:47:00'),
(531, 183, 27, 1396, 55, 79, '2024-10-03 13:51:00'),
(532, 183, 28, 1451, 64, 130, '2024-10-04 12:05:00'),
(533, 183, 29, 1496, 25, 64, '2024-10-05 17:36:00'),
(534, 184, 27, 1308, 60, 104, '2024-10-03 14:52:00'),
(535, 184, 28, 1380, 46, 98, '2024-10-04 16:56:00'),
(536, 184, 29, 1707, 87, 147, '2024-10-05 16:02:00'),
(537, 185, 27, 1527, 25, 80, '2024-10-03 10:42:00'),
(538, 185, 28, 1347, 36, 76, '2024-10-04 17:23:00'),
(539, 185, 29, 1671, 81, 132, '2024-10-05 14:07:00'),
(540, 186, 27, 1418, 96, 138, '2024-10-03 12:10:00'),
(541, 186, 28, 1513, 40, 96, '2024-10-04 18:40:00'),
(542, 186, 29, 1568, 38, 74, '2024-10-05 12:23:00'),
(543, 187, 27, 1464, 44, 115, '2024-10-03 13:09:00'),
(544, 187, 28, 1582, 104, 157, '2024-10-04 14:00:00'),
(545, 187, 29, 1688, 36, 81, '2024-10-05 18:28:00'),
(546, 188, 27, 1278, 29, 65, '2024-10-03 16:47:00'),
(547, 188, 28, 1349, 59, 105, '2024-10-04 08:38:00'),
(548, 188, 29, 1179, 35, 54, '2024-10-05 17:22:00'),
(549, 189, 27, 1418, 19, 66, '2024-10-03 09:47:00'),
(550, 189, 28, 1188, 50, 107, '2024-10-04 09:16:00'),
(551, 189, 29, 1650, 59, 134, '2024-10-05 08:42:00'),
(552, 190, 27, 1323, 41, 66, '2024-10-03 10:06:00'),
(553, 190, 28, 1609, 46, 78, '2024-10-04 14:55:00'),
(554, 190, 29, 1444, 27, 89, '2024-10-05 10:05:00'),
(555, 191, 27, 1691, 58, 99, '2024-10-03 10:05:00'),
(556, 191, 28, 1349, 40, 85, '2024-10-04 16:35:00'),
(557, 191, 29, 1294, 31, 60, '2024-10-05 12:04:00'),
(558, 192, 27, 1282, 34, 101, '2024-10-03 18:23:00'),
(559, 192, 28, 1458, 68, 119, '2024-10-04 08:16:00'),
(560, 192, 29, 1490, 51, 97, '2024-10-05 08:46:00'),
(561, 193, 27, 1426, 71, 135, '2024-10-03 17:57:00'),
(562, 193, 28, 1183, 17, 55, '2024-10-04 10:50:00'),
(563, 193, 29, 1700, 93, 145, '2024-10-05 11:13:00'),
(564, 194, 27, 1626, 90, 144, '2024-10-03 16:55:00'),
(565, 194, 28, 1364, 61, 109, '2024-10-04 11:15:00'),
(566, 194, 29, 1328, 27, 84, '2024-10-05 08:48:00'),
(567, 195, 27, 1351, 59, 97, '2024-10-03 13:20:00'),
(568, 195, 28, 1380, 50, 97, '2024-10-04 11:15:00'),
(569, 195, 29, 1537, 34, 82, '2024-10-05 18:40:00'),
(570, 196, 27, 1424, 37, 89, '2024-10-03 17:04:00'),
(571, 196, 28, 1691, 58, 136, '2024-10-04 11:25:00'),
(572, 196, 29, 1586, 31, 97, '2024-10-05 18:56:00'),
(573, 197, 27, 1267, 46, 70, '2024-10-03 13:16:00'),
(574, 197, 28, 1399, 32, 55, '2024-10-04 13:33:00'),
(575, 197, 29, 1390, 65, 138, '2024-10-05 14:31:00'),
(576, 198, 27, 1368, 51, 136, '2024-10-03 15:01:00'),
(577, 198, 28, 1473, 46, 130, '2024-10-04 11:07:00'),
(578, 198, 29, 1580, 66, 156, '2024-10-05 18:06:00'),
(579, 199, 27, 1575, 95, 145, '2024-10-03 12:21:00'),
(580, 199, 28, 1211, 74, 117, '2024-10-04 13:07:00'),
(581, 199, 29, 1404, 38, 91, '2024-10-05 13:43:00'),
(582, 200, 27, 1516, 37, 66, '2024-10-03 13:13:00'),
(583, 200, 28, 1531, 65, 95, '2024-10-04 17:14:00'),
(584, 200, 29, 1687, 77, 135, '2024-10-05 09:18:00'),
(585, 201, 27, 1429, 37, 76, '2024-10-03 10:35:00'),
(586, 201, 28, 1651, 54, 79, '2024-10-04 14:19:00'),
(587, 201, 29, 1321, 59, 129, '2024-10-05 11:40:00'),
(588, 202, 27, 1571, 90, 156, '2024-10-03 11:49:00'),
(589, 202, 28, 1504, 51, 119, '2024-10-04 14:23:00'),
(590, 202, 29, 1505, 73, 105, '2024-10-05 08:15:00'),
(591, 203, 27, 1373, 22, 56, '2024-10-03 12:19:00'),
(592, 203, 28, 1290, 17, 51, '2024-10-04 12:11:00'),
(593, 203, 29, 1613, 25, 68, '2024-10-05 10:44:00'),
(594, 204, 27, 1268, 43, 101, '2024-10-03 11:09:00'),
(595, 204, 28, 1695, 73, 121, '2024-10-04 17:41:00'),
(596, 204, 29, 1435, 92, 132, '2024-10-05 11:04:00'),
(597, 205, 27, 1191, 54, 109, '2024-10-03 10:01:00'),
(598, 205, 28, 1631, 62, 158, '2024-10-04 18:23:00'),
(599, 205, 29, 1560, 50, 90, '2024-10-05 18:53:00'),
(600, 206, 30, 1137, 55, 101, '2024-11-12 17:13:00'),
(601, 206, 31, 981, 21, 63, '2024-11-14 08:38:00'),
(602, 206, 32, 1184, 36, 92, '2024-11-15 17:19:00'),
(603, 207, 30, 1203, 35, 104, '2024-11-12 17:26:00'),
(604, 207, 31, 996, 37, 93, '2024-11-14 18:47:00'),
(605, 207, 32, 1148, 28, 83, '2024-11-15 09:39:00'),
(606, 208, 30, 1262, 36, 106, '2024-11-12 15:47:00'),
(607, 208, 31, 1100, 55, 80, '2024-11-14 12:23:00'),
(608, 208, 32, 1107, 29, 76, '2024-11-15 18:40:00'),
(609, 209, 30, 1032, 49, 92, '2024-11-12 10:27:00'),
(610, 209, 31, 1142, 61, 98, '2024-11-14 14:13:00'),
(611, 209, 32, 942, 37, 83, '2024-11-15 17:05:00'),
(612, 210, 30, 1308, 45, 95, '2024-11-12 08:14:00'),
(613, 210, 31, 1292, 58, 89, '2024-11-14 08:59:00'),
(614, 210, 32, 942, 57, 83, '2024-11-15 17:32:00'),
(615, 211, 30, 986, 23, 51, '2024-11-12 10:50:00'),
(616, 211, 31, 1007, 19, 57, '2024-11-14 13:53:00'),
(617, 211, 32, 1119, 26, 58, '2024-11-15 17:26:00'),
(618, 212, 30, 1141, 31, 59, '2024-11-12 13:57:00'),
(619, 212, 31, 1208, 17, 52, '2024-11-14 13:18:00'),
(620, 212, 32, 1207, 31, 79, '2024-11-15 12:57:00'),
(621, 213, 30, 1128, 32, 109, '2024-11-12 09:36:00'),
(622, 213, 31, 1182, 23, 58, '2024-11-14 18:29:00'),
(623, 213, 32, 1014, 33, 68, '2024-11-15 09:28:00'),
(624, 214, 30, 1156, 30, 67, '2024-11-12 10:12:00'),
(625, 214, 31, 973, 32, 47, '2024-11-14 08:43:00'),
(626, 214, 32, 1364, 45, 79, '2024-11-15 15:32:00'),
(627, 215, 30, 1029, 32, 55, '2024-11-12 17:33:00'),
(628, 215, 31, 1024, 46, 68, '2024-11-14 18:03:00'),
(629, 215, 32, 1234, 63, 109, '2024-11-15 09:52:00'),
(630, 216, 30, 1328, 56, 110, '2024-11-12 14:54:00'),
(631, 216, 31, 1209, 26, 86, '2024-11-14 15:40:00'),
(632, 216, 32, 1007, 45, 91, '2024-11-15 09:37:00'),
(633, 217, 30, 1318, 26, 80, '2024-11-12 11:27:00'),
(634, 217, 31, 1018, 34, 50, '2024-11-14 15:49:00'),
(635, 217, 32, 1352, 31, 101, '2024-11-15 08:34:00'),
(636, 218, 30, 1197, 49, 86, '2024-11-12 17:10:00'),
(637, 218, 31, 1127, 25, 78, '2024-11-14 13:58:00'),
(638, 218, 32, 1014, 44, 76, '2024-11-15 17:00:00'),
(639, 219, 30, 1098, 24, 60, '2024-11-12 17:15:00'),
(640, 219, 31, 1059, 24, 62, '2024-11-14 08:48:00'),
(641, 219, 32, 1320, 50, 84, '2024-11-15 18:55:00'),
(642, 220, 30, 1271, 64, 92, '2024-11-12 18:54:00'),
(643, 220, 31, 1241, 74, 112, '2024-11-14 09:03:00'),
(644, 220, 32, 1054, 63, 95, '2024-11-15 13:34:00'),
(645, 221, 30, 1303, 28, 73, '2024-11-12 18:40:00'),
(646, 221, 31, 1027, 23, 41, '2024-11-14 17:01:00'),
(647, 221, 32, 1229, 42, 118, '2024-11-15 08:24:00'),
(648, 222, 30, 1165, 49, 79, '2024-11-12 11:48:00'),
(649, 222, 31, 1063, 61, 95, '2024-11-14 10:50:00'),
(650, 222, 32, 1084, 36, 68, '2024-11-15 18:59:00'),
(651, 223, 30, 1036, 36, 84, '2024-11-12 18:38:00'),
(652, 223, 31, 1079, 33, 57, '2024-11-14 11:29:00'),
(653, 223, 32, 1280, 20, 60, '2024-11-15 10:47:00'),
(654, 224, 30, 1192, 77, 110, '2024-11-12 10:34:00'),
(655, 224, 31, 1251, 28, 86, '2024-11-14 16:50:00'),
(656, 224, 32, 1237, 61, 99, '2024-11-15 18:26:00'),
(657, 225, 30, 1278, 68, 109, '2024-11-12 12:44:00'),
(658, 225, 31, 1012, 47, 81, '2024-11-14 16:15:00'),
(659, 225, 32, 1343, 38, 95, '2024-11-15 12:51:00'),
(660, 226, 30, 1167, 75, 109, '2024-11-12 12:14:00'),
(661, 226, 31, 1218, 39, 104, '2024-11-14 18:56:00'),
(662, 226, 32, 1143, 24, 55, '2024-11-15 08:49:00'),
(663, 227, 30, 936, 44, 69, '2024-11-12 16:35:00'),
(664, 227, 31, 1189, 20, 65, '2024-11-14 09:43:00'),
(665, 227, 32, 1294, 37, 125, '2024-11-15 12:00:00'),
(666, 228, 33, 1002, 22, 68, '2024-02-28 13:23:00'),
(667, 228, 34, 1207, 54, 82, '2024-03-01 17:46:00'),
(668, 228, 35, 1056, 24, 53, '2024-03-02 18:15:00'),
(669, 229, 33, 1058, 24, 62, '2024-02-28 14:53:00'),
(670, 229, 34, 1176, 27, 57, '2024-03-01 18:10:00'),
(671, 229, 35, 1008, 24, 48, '2024-03-02 09:08:00'),
(672, 230, 33, 1332, 57, 88, '2024-02-28 08:23:00'),
(673, 230, 34, 1147, 28, 66, '2024-03-01 14:53:00'),
(674, 230, 35, 1196, 48, 70, '2024-03-02 18:17:00'),
(675, 231, 33, 1242, 50, 87, '2024-02-28 11:15:00'),
(676, 231, 34, 968, 18, 45, '2024-03-01 16:02:00'),
(677, 231, 35, 1178, 60, 98, '2024-03-02 11:27:00'),
(678, 232, 33, 1043, 34, 101, '2024-02-28 17:28:00'),
(679, 232, 34, 1234, 67, 122, '2024-03-01 12:27:00'),
(680, 232, 35, 1250, 74, 123, '2024-03-02 13:05:00'),
(681, 233, 33, 1341, 51, 75, '2024-02-28 11:41:00'),
(682, 233, 34, 1160, 71, 116, '2024-03-01 09:19:00'),
(683, 233, 35, 982, 32, 59, '2024-03-02 14:25:00'),
(684, 234, 33, 1048, 18, 58, '2024-02-28 13:23:00'),
(685, 234, 34, 1208, 25, 57, '2024-03-01 09:42:00'),
(686, 234, 35, 1295, 51, 97, '2024-03-02 17:00:00'),
(687, 235, 33, 1245, 20, 64, '2024-02-28 11:21:00'),
(688, 235, 34, 1319, 61, 124, '2024-03-01 10:31:00'),
(689, 235, 35, 1032, 23, 79, '2024-03-02 13:30:00'),
(690, 236, 33, 1177, 20, 51, '2024-02-28 10:50:00'),
(691, 236, 34, 1210, 38, 56, '2024-03-01 14:03:00'),
(692, 236, 35, 983, 31, 69, '2024-03-02 13:45:00'),
(693, 237, 33, 986, 17, 40, '2024-02-28 15:32:00'),
(694, 237, 34, 1163, 29, 76, '2024-03-01 18:18:00'),
(695, 237, 35, 1095, 29, 70, '2024-03-02 10:35:00'),
(696, 238, 33, 1361, 53, 95, '2024-02-28 15:54:00'),
(697, 238, 34, 1098, 37, 66, '2024-03-01 12:40:00'),
(698, 238, 35, 1008, 54, 94, '2024-03-02 10:44:00'),
(699, 239, 33, 1104, 29, 60, '2024-02-28 13:03:00'),
(700, 239, 34, 984, 59, 92, '2024-03-01 13:14:00'),
(701, 239, 35, 1113, 34, 96, '2024-03-02 18:49:00'),
(702, 240, 33, 1193, 16, 50, '2024-02-28 18:49:00'),
(703, 240, 34, 1123, 49, 76, '2024-03-01 17:53:00'),
(704, 240, 35, 1093, 38, 70, '2024-03-02 09:04:00'),
(705, 241, 33, 1066, 34, 97, '2024-02-28 17:13:00'),
(706, 241, 34, 1035, 27, 87, '2024-03-01 14:49:00'),
(707, 241, 35, 1255, 52, 110, '2024-03-02 17:40:00'),
(708, 242, 33, 1033, 32, 51, '2024-02-28 18:01:00'),
(709, 242, 34, 1062, 30, 44, '2024-03-01 12:25:00'),
(710, 242, 35, 1195, 40, 91, '2024-03-02 14:02:00'),
(711, 243, 33, 1040, 38, 55, '2024-02-28 18:51:00'),
(712, 243, 34, 1116, 28, 73, '2024-03-01 17:19:00'),
(713, 243, 35, 1165, 38, 67, '2024-03-02 09:05:00'),
(714, 244, 36, 1908, 101, 155, '2024-05-05 16:08:00'),
(715, 244, 37, 1692, 66, 108, '2024-05-06 11:41:00'),
(716, 244, 38, 1783, 659, 1352, '2024-05-07 13:32:00'),
(717, 245, 36, 1813, 109, 157, '2024-05-05 08:34:00'),
(718, 245, 37, 2069, 66, 144, '2024-05-06 13:45:00'),
(719, 245, 38, 2012, 543, 1416, '2024-05-07 14:31:00'),
(720, 246, 36, 2200, 50, 95, '2024-05-05 18:02:00'),
(721, 246, 37, 1631, 44, 110, '2024-05-06 14:27:00'),
(722, 246, 38, 2108, 661, 1142, '2024-05-07 12:41:00'),
(723, 247, 36, 2000, 104, 162, '2024-05-05 18:04:00'),
(724, 247, 37, 1564, 67, 115, '2024-05-06 10:08:00'),
(725, 247, 38, 1900, 917, 1805, '2024-05-07 11:18:00'),
(726, 248, 36, 2047, 52, 85, '2024-05-05 16:59:00'),
(727, 248, 37, 1742, 95, 161, '2024-05-06 15:10:00'),
(728, 248, 38, 2188, 821, 1703, '2024-05-07 15:15:00'),
(729, 249, 36, 2197, 33, 105, '2024-05-05 10:35:00'),
(730, 249, 37, 1710, 44, 111, '2024-05-06 08:56:00'),
(731, 249, 38, 2205, 695, 1742, '2024-05-07 15:14:00'),
(732, 250, 36, 1761, 37, 74, '2024-05-05 17:24:00'),
(733, 250, 37, 1937, 56, 80, '2024-05-06 17:50:00'),
(734, 250, 38, 2141, 625, 1915, '2024-05-07 15:26:00'),
(735, 251, 36, 1874, 33, 98, '2024-05-05 12:44:00'),
(736, 251, 37, 1865, 83, 123, '2024-05-06 17:03:00'),
(737, 251, 38, 2213, 504, 964, '2024-05-07 15:00:00'),
(738, 252, 36, 1572, 41, 74, '2024-05-05 14:36:00'),
(739, 252, 37, 1825, 60, 141, '2024-05-06 17:25:00'),
(740, 252, 38, 1856, 766, 1675, '2024-05-07 14:55:00'),
(741, 253, 36, 1585, 39, 100, '2024-05-05 16:48:00'),
(742, 253, 37, 1612, 39, 77, '2024-05-06 13:45:00'),
(743, 253, 38, 1763, 601, 1000, '2024-05-07 10:32:00'),
(744, 254, 36, 2097, 45, 111, '2024-05-05 09:27:00'),
(745, 254, 37, 1593, 34, 110, '2024-05-06 15:20:00'),
(746, 254, 38, 1902, 430, 810, '2024-05-07 17:21:00'),
(747, 255, 36, 2223, 89, 157, '2024-05-05 08:57:00'),
(748, 255, 37, 1656, 66, 121, '2024-05-06 13:33:00'),
(749, 255, 38, 1988, 1079, 1616, '2024-05-07 13:14:00'),
(750, 256, 36, 2017, 118, 174, '2024-05-05 15:30:00'),
(751, 256, 37, 2019, 61, 96, '2024-05-06 08:51:00'),
(752, 256, 38, 2185, 816, 1865, '2024-05-07 18:35:00'),
(753, 257, 36, 1953, 42, 91, '2024-05-05 10:33:00'),
(754, 257, 37, 1821, 92, 170, '2024-05-06 12:22:00'),
(755, 257, 38, 1803, 646, 1177, '2024-05-07 08:51:00'),
(756, 258, 36, 1643, 41, 123, '2024-05-05 15:35:00'),
(757, 258, 37, 2053, 99, 182, '2024-05-06 17:47:00'),
(758, 258, 38, 1586, 293, 712, '2024-05-07 11:41:00'),
(759, 259, 36, 1752, 44, 96, '2024-05-05 12:13:00'),
(760, 259, 37, 2119, 84, 173, '2024-05-06 16:22:00'),
(761, 259, 38, 1881, 567, 1085, '2024-05-07 18:55:00'),
(762, 260, 36, 2079, 64, 116, '2024-05-05 15:16:00'),
(763, 260, 37, 2207, 43, 124, '2024-05-06 13:20:00'),
(764, 260, 38, 2021, 496, 1026, '2024-05-07 17:41:00'),
(765, 261, 36, 1868, 54, 89, '2024-05-05 15:46:00'),
(766, 261, 37, 2229, 57, 125, '2024-05-06 11:09:00'),
(767, 261, 38, 1577, 651, 987, '2024-05-07 09:07:00'),
(768, 262, 36, 2110, 72, 113, '2024-05-05 14:45:00'),
(769, 262, 37, 1667, 43, 73, '2024-05-06 17:13:00'),
(770, 262, 38, 1675, 792, 1245, '2024-05-07 09:55:00'),
(771, 263, 36, 2067, 65, 162, '2024-05-05 08:50:00'),
(772, 263, 37, 2089, 65, 100, '2024-05-06 10:47:00'),
(773, 263, 38, 1698, 745, 1473, '2024-05-07 14:22:00'),
(774, 264, 36, 1846, 54, 137, '2024-05-05 14:41:00'),
(775, 264, 37, 1919, 53, 100, '2024-05-06 11:03:00'),
(776, 264, 38, 2061, 419, 1256, '2024-05-07 09:38:00'),
(777, 265, 36, 2131, 52, 107, '2024-05-05 15:31:00'),
(778, 265, 37, 2161, 94, 214, '2024-05-06 12:57:00'),
(779, 265, 38, 1909, 852, 1596, '2024-05-07 12:05:00'),
(780, 266, 36, 1924, 47, 119, '2024-05-05 13:54:00'),
(781, 266, 37, 1598, 47, 71, '2024-05-06 08:36:00'),
(782, 266, 38, 1945, 557, 1246, '2024-05-07 14:46:00'),
(783, 267, 36, 2178, 94, 202, '2024-05-05 16:56:00'),
(784, 267, 37, 2170, 116, 202, '2024-05-06 17:13:00'),
(785, 267, 38, 2116, 533, 999, '2024-05-07 14:23:00'),
(786, 268, 36, 2130, 61, 119, '2024-05-05 18:17:00'),
(787, 268, 37, 2119, 60, 127, '2024-05-06 11:49:00'),
(788, 268, 38, 1595, 994, 1425, '2024-05-07 12:33:00'),
(789, 269, 36, 2035, 100, 158, '2024-05-05 12:06:00'),
(790, 269, 37, 2265, 104, 194, '2024-05-06 15:58:00'),
(791, 269, 38, 1641, 1019, 1577, '2024-05-07 14:17:00'),
(792, 270, 36, 1625, 58, 103, '2024-05-05 09:18:00'),
(793, 270, 37, 2232, 45, 113, '2024-05-06 09:49:00'),
(794, 270, 38, 1568, 320, 674, '2024-05-07 08:20:00'),
(795, 271, 36, 1599, 53, 93, '2024-05-05 14:52:00'),
(796, 271, 37, 1963, 102, 151, '2024-05-06 11:40:00'),
(797, 271, 38, 2231, 772, 1723, '2024-05-07 11:21:00'),
(798, 272, 36, 1888, 27, 88, '2024-05-05 17:31:00'),
(799, 272, 37, 1882, 48, 94, '2024-05-06 09:50:00'),
(800, 272, 38, 1956, 589, 1877, '2024-05-07 14:32:00'),
(801, 273, 39, 1539, 31, 62, '2024-07-25 14:33:00'),
(802, 273, 40, 1667, 70, 155, '2024-07-26 12:24:00'),
(803, 273, 41, 1654, 111, 164, '2024-07-27 09:10:00'),
(804, 274, 39, 1592, 70, 152, '2024-07-25 08:17:00'),
(805, 274, 40, 1356, 49, 74, '2024-07-26 16:53:00'),
(806, 274, 41, 1459, 55, 97, '2024-07-27 12:19:00'),
(807, 275, 39, 1625, 52, 158, '2024-07-25 10:49:00'),
(808, 275, 40, 1698, 60, 139, '2024-07-26 09:27:00'),
(809, 275, 41, 1334, 73, 119, '2024-07-27 10:43:00'),
(810, 276, 39, 1315, 32, 73, '2024-07-25 15:47:00'),
(811, 276, 40, 1665, 62, 102, '2024-07-26 08:59:00'),
(812, 276, 41, 1213, 35, 63, '2024-07-27 18:03:00'),
(813, 277, 39, 1171, 47, 110, '2024-07-25 14:15:00'),
(814, 277, 40, 1597, 43, 130, '2024-07-26 15:02:00'),
(815, 277, 41, 1446, 49, 87, '2024-07-27 11:51:00'),
(816, 278, 39, 1372, 61, 126, '2024-07-25 14:38:00'),
(817, 278, 40, 1438, 41, 81, '2024-07-26 08:58:00'),
(818, 278, 41, 1633, 51, 144, '2024-07-27 08:44:00'),
(819, 279, 39, 1618, 76, 115, '2024-07-25 08:53:00'),
(820, 279, 40, 1599, 59, 144, '2024-07-26 11:00:00'),
(821, 279, 41, 1540, 31, 95, '2024-07-27 17:46:00'),
(822, 280, 39, 1636, 37, 123, '2024-07-25 15:07:00'),
(823, 280, 40, 1631, 39, 107, '2024-07-26 11:57:00'),
(824, 280, 41, 1603, 94, 152, '2024-07-27 13:40:00'),
(825, 281, 39, 1314, 27, 53, '2024-07-25 18:05:00'),
(826, 281, 40, 1196, 33, 87, '2024-07-26 12:13:00'),
(827, 281, 41, 1479, 29, 60, '2024-07-27 13:39:00'),
(828, 282, 39, 1501, 59, 126, '2024-07-25 16:23:00'),
(829, 282, 40, 1465, 88, 139, '2024-07-26 09:19:00'),
(830, 282, 41, 1371, 60, 136, '2024-07-27 18:58:00'),
(831, 283, 42, 2120, 72, 137, '2024-09-18 15:04:00'),
(832, 283, 43, 2111, 41, 110, '2024-09-19 09:42:00'),
(833, 283, 44, 1962, 755, 1784, '2024-09-20 18:48:00'),
(834, 284, 42, 1625, 41, 82, '2024-09-18 14:16:00'),
(835, 284, 43, 2007, 49, 161, '2024-09-19 10:54:00'),
(836, 284, 44, 1820, 500, 1048, '2024-09-20 16:37:00'),
(837, 285, 42, 1670, 68, 142, '2024-09-18 17:46:00'),
(838, 285, 43, 2081, 44, 88, '2024-09-19 13:20:00'),
(839, 285, 44, 2043, 721, 1655, '2024-09-20 16:15:00'),
(840, 286, 42, 1913, 32, 80, '2024-09-18 08:37:00'),
(841, 286, 43, 2035, 65, 102, '2024-09-19 17:25:00'),
(842, 286, 44, 1562, 547, 1120, '2024-09-20 13:41:00'),
(843, 287, 42, 1829, 46, 153, '2024-09-18 10:27:00'),
(844, 287, 43, 2027, 57, 95, '2024-09-19 16:14:00'),
(845, 287, 44, 2118, 650, 1834, '2024-09-20 17:08:00'),
(846, 288, 42, 1935, 49, 162, '2024-09-18 08:23:00'),
(847, 288, 43, 1954, 67, 103, '2024-09-19 10:09:00'),
(848, 288, 44, 1940, 779, 1152, '2024-09-20 12:30:00'),
(849, 289, 42, 2063, 59, 186, '2024-09-18 10:58:00'),
(850, 289, 43, 2260, 63, 103, '2024-09-19 08:08:00'),
(851, 289, 44, 2212, 561, 1019, '2024-09-20 17:13:00'),
(852, 290, 42, 1904, 102, 160, '2024-09-18 18:05:00'),
(853, 290, 43, 2088, 55, 113, '2024-09-19 10:21:00'),
(854, 290, 44, 1648, 921, 1648, '2024-09-20 08:33:00'),
(855, 291, 42, 1796, 53, 138, '2024-09-18 11:01:00'),
(856, 291, 43, 1817, 98, 143, '2024-09-19 09:56:00'),
(857, 291, 44, 1621, 451, 1138, '2024-09-20 16:48:00'),
(858, 292, 42, 1961, 38, 105, '2024-09-18 08:36:00'),
(859, 292, 43, 1895, 98, 176, '2024-09-19 09:47:00'),
(860, 292, 44, 1587, 512, 772, '2024-09-20 14:26:00'),
(861, 293, 42, 1843, 35, 90, '2024-09-18 13:02:00'),
(862, 293, 43, 2183, 77, 176, '2024-09-19 17:24:00'),
(863, 293, 44, 1920, 492, 1261, '2024-09-20 12:06:00'),
(864, 294, 42, 1930, 46, 128, '2024-09-18 16:36:00'),
(865, 294, 43, 2172, 93, 154, '2024-09-19 16:33:00'),
(866, 294, 44, 1787, 660, 1288, '2024-09-20 16:21:00'),
(867, 295, 42, 1811, 62, 99, '2024-09-18 18:22:00'),
(868, 295, 43, 2235, 60, 176, '2024-09-19 08:22:00'),
(869, 295, 44, 1669, 691, 999, '2024-09-20 11:18:00'),
(870, 296, 42, 1897, 59, 111, '2024-09-18 17:53:00'),
(871, 296, 43, 1891, 29, 99, '2024-09-19 16:47:00'),
(872, 296, 44, 1749, 299, 838, '2024-09-20 08:58:00'),
(873, 297, 42, 1930, 83, 156, '2024-09-18 12:15:00'),
(874, 297, 43, 2253, 86, 157, '2024-09-19 11:13:00'),
(875, 297, 44, 1696, 730, 1482, '2024-09-20 14:16:00'),
(876, 298, 42, 1853, 53, 118, '2024-09-18 17:23:00'),
(877, 298, 43, 1732, 53, 89, '2024-09-19 15:14:00'),
(878, 298, 44, 2267, 741, 1416, '2024-09-20 11:53:00'),
(879, 299, 42, 1992, 103, 187, '2024-09-18 16:11:00'),
(880, 299, 43, 2273, 75, 124, '2024-09-19 11:48:00'),
(881, 299, 44, 1984, 954, 1751, '2024-09-20 14:28:00'),
(882, 300, 42, 1835, 42, 101, '2024-09-18 12:04:00'),
(883, 300, 43, 2113, 112, 185, '2024-09-19 16:59:00'),
(884, 300, 44, 1943, 721, 1219, '2024-09-20 17:24:00'),
(885, 301, 42, 2242, 39, 119, '2024-09-18 16:09:00'),
(886, 301, 43, 2265, 111, 167, '2024-09-19 18:35:00'),
(887, 301, 44, 1578, 750, 1437, '2024-09-20 11:34:00'),
(888, 302, 42, 1613, 70, 115, '2024-09-18 15:29:00'),
(889, 302, 43, 1601, 73, 105, '2024-09-19 17:21:00'),
(890, 302, 44, 1623, 444, 773, '2024-09-20 09:56:00'),
(891, 303, 42, 2108, 48, 97, '2024-09-18 13:17:00'),
(892, 303, 43, 1712, 34, 104, '2024-09-19 09:03:00'),
(893, 303, 44, 2128, 952, 1852, '2024-09-20 15:59:00'),
(894, 304, 42, 2203, 53, 92, '2024-09-18 13:49:00'),
(895, 304, 43, 1607, 69, 106, '2024-09-19 09:50:00'),
(896, 304, 44, 2162, 504, 1406, '2024-09-20 09:08:00'),
(897, 305, 42, 2071, 85, 191, '2024-09-18 15:44:00'),
(898, 305, 43, 2162, 136, 208, '2024-09-19 12:18:00'),
(899, 305, 44, 1930, 540, 1686, '2024-09-20 14:20:00'),
(900, 306, 42, 2274, 44, 91, '2024-09-18 14:27:00'),
(901, 306, 43, 1769, 77, 149, '2024-09-19 11:58:00'),
(902, 306, 44, 1921, 271, 811, '2024-09-20 18:31:00'),
(903, 307, 42, 2120, 61, 140, '2024-09-18 13:11:00'),
(904, 307, 43, 1674, 61, 92, '2024-09-19 18:06:00'),
(905, 307, 44, 2024, 390, 1034, '2024-09-20 15:39:00'),
(906, 308, 42, 1823, 27, 76, '2024-09-18 11:22:00'),
(907, 308, 43, 1959, 106, 160, '2024-09-19 15:23:00'),
(908, 308, 44, 1766, 700, 1524, '2024-09-20 12:10:00'),
(909, 309, 42, 2279, 126, 184, '2024-09-18 09:23:00'),
(910, 309, 43, 1706, 98, 169, '2024-09-19 13:07:00'),
(911, 309, 44, 1611, 450, 990, '2024-09-20 14:27:00'),
(912, 310, 42, 2000, 70, 144, '2024-09-18 09:42:00'),
(913, 310, 43, 1735, 99, 154, '2024-09-19 12:14:00'),
(914, 310, 44, 1617, 432, 676, '2024-09-20 18:09:00'),
(915, 311, 42, 2060, 116, 206, '2024-09-18 13:33:00'),
(916, 311, 43, 2146, 53, 150, '2024-09-19 13:52:00'),
(917, 311, 44, 2127, 443, 874, '2024-09-20 18:55:00'),
(918, 312, 45, 1078, 37, 91, '2024-01-20 10:33:00'),
(919, 312, 46, 985, 50, 96, '2024-01-21 17:50:00'),
(920, 312, 47, 1127, 14, 47, '2024-01-22 11:38:00'),
(921, 313, 45, 1182, 25, 74, '2024-01-20 09:16:00'),
(922, 313, 46, 1289, 39, 123, '2024-01-21 18:57:00'),
(923, 313, 47, 1057, 30, 57, '2024-01-22 11:47:00'),
(924, 314, 45, 1146, 35, 92, '2024-01-20 08:57:00'),
(925, 314, 46, 1106, 17, 52, '2024-01-21 14:07:00'),
(926, 314, 47, 937, 19, 47, '2024-01-22 15:12:00'),
(927, 315, 45, 1197, 22, 52, '2024-01-20 09:57:00'),
(928, 315, 46, 1019, 46, 66, '2024-01-21 13:15:00'),
(929, 315, 47, 1310, 62, 97, '2024-01-22 18:49:00'),
(930, 316, 45, 1165, 53, 78, '2024-01-20 17:00:00'),
(931, 316, 46, 1226, 36, 78, '2024-01-21 16:56:00'),
(932, 316, 47, 1279, 35, 80, '2024-01-22 10:57:00'),
(933, 317, 45, 1158, 39, 112, '2024-01-20 17:02:00'),
(934, 317, 46, 1054, 61, 99, '2024-01-21 17:26:00'),
(935, 317, 47, 1247, 55, 100, '2024-01-22 17:38:00'),
(936, 318, 45, 1279, 80, 116, '2024-01-20 17:04:00'),
(937, 318, 46, 1038, 16, 50, '2024-01-21 18:47:00'),
(938, 318, 47, 939, 26, 73, '2024-01-22 17:11:00'),
(939, 319, 45, 1149, 33, 59, '2024-01-20 09:31:00'),
(940, 319, 46, 1023, 31, 97, '2024-01-21 09:40:00'),
(941, 319, 47, 999, 44, 97, '2024-01-22 09:59:00'),
(942, 320, 45, 1033, 27, 43, '2024-01-20 12:42:00'),
(943, 320, 46, 1300, 69, 125, '2024-01-21 15:34:00'),
(944, 320, 47, 1128, 39, 76, '2024-01-22 08:57:00'),
(945, 321, 45, 1088, 56, 90, '2024-01-20 12:16:00'),
(946, 321, 46, 961, 53, 84, '2024-01-21 18:07:00'),
(947, 321, 47, 1071, 66, 107, '2024-01-22 18:25:00'),
(948, 322, 45, 1011, 34, 89, '2024-01-20 09:16:00'),
(949, 322, 46, 1091, 38, 87, '2024-01-21 16:38:00'),
(950, 322, 47, 969, 38, 75, '2024-01-22 17:55:00'),
(951, 323, 45, 1045, 19, 63, '2024-01-20 09:01:00'),
(952, 323, 46, 1362, 33, 66, '2024-01-21 15:13:00'),
(953, 323, 47, 1171, 38, 68, '2024-01-22 18:54:00'),
(954, 324, 45, 1290, 43, 99, '2024-01-20 09:51:00'),
(955, 324, 46, 1226, 48, 74, '2024-01-21 11:14:00'),
(956, 324, 47, 1265, 50, 122, '2024-01-22 17:01:00'),
(957, 325, 45, 1081, 64, 106, '2024-01-20 08:24:00'),
(958, 325, 46, 1161, 34, 99, '2024-01-21 09:00:00'),
(959, 325, 47, 1282, 45, 88, '2024-01-22 12:57:00'),
(960, 326, 45, 1159, 48, 87, '2024-01-20 10:42:00'),
(961, 326, 46, 1287, 50, 123, '2024-01-21 17:41:00'),
(962, 326, 47, 978, 29, 63, '2024-01-22 15:02:00'),
(963, 327, 45, 1099, 62, 109, '2024-01-20 11:14:00'),
(964, 327, 46, 1112, 22, 68, '2024-01-21 08:34:00'),
(965, 327, 47, 1147, 25, 49, '2024-01-22 18:52:00'),
(966, 328, 45, 1072, 30, 55, '2024-01-20 16:32:00'),
(967, 328, 46, 1314, 77, 110, '2024-01-21 13:00:00'),
(968, 328, 47, 1317, 22, 54, '2024-01-22 17:08:00'),
(969, 329, 45, 1185, 45, 107, '2024-01-20 17:37:00'),
(970, 329, 46, 1061, 25, 45, '2024-01-21 10:23:00'),
(971, 329, 47, 1246, 36, 91, '2024-01-22 14:36:00'),
(972, 330, 45, 1219, 29, 86, '2024-01-20 08:21:00'),
(973, 330, 46, 1278, 38, 79, '2024-01-21 13:13:00'),
(974, 330, 47, 1241, 32, 50, '2024-01-22 11:18:00');
INSERT INTO `roundScore` (`roundScoreID`, `participationID`, `roundID`, `totalScore`, `totalX`, `totalTen`, `dateRecorded`) VALUES
(975, 331, 45, 1285, 83, 124, '2024-01-20 08:03:00'),
(976, 331, 46, 1200, 23, 59, '2024-01-21 10:06:00'),
(977, 331, 47, 1158, 35, 75, '2024-01-22 08:23:00'),
(978, 332, 45, 988, 60, 93, '2024-01-20 14:02:00'),
(979, 332, 46, 1059, 42, 98, '2024-01-21 15:06:00'),
(980, 332, 47, 1126, 38, 72, '2024-01-22 14:15:00'),
(981, 333, 45, 1282, 31, 60, '2024-01-20 10:05:00'),
(982, 333, 46, 1149, 43, 77, '2024-01-21 10:56:00'),
(983, 333, 47, 1225, 55, 114, '2024-01-22 18:36:00'),
(984, 334, 45, 1157, 38, 113, '2024-01-20 09:11:00'),
(985, 334, 46, 1088, 38, 60, '2024-01-21 10:47:00'),
(986, 334, 47, 1305, 40, 89, '2024-01-22 18:53:00'),
(987, 335, 45, 1036, 25, 51, '2024-01-20 09:43:00'),
(988, 335, 46, 1121, 37, 72, '2024-01-21 17:20:00'),
(989, 335, 47, 1069, 56, 102, '2024-01-22 09:24:00'),
(990, 336, 45, 1143, 61, 100, '2024-01-20 15:36:00'),
(991, 336, 46, 992, 33, 78, '2024-01-21 17:32:00'),
(992, 336, 47, 1297, 84, 121, '2024-01-22 11:39:00'),
(993, 337, 45, 1152, 51, 89, '2024-01-20 10:21:00'),
(994, 337, 46, 1285, 38, 69, '2024-01-21 12:01:00'),
(995, 337, 47, 1135, 63, 99, '2024-01-22 08:02:00'),
(996, 338, 45, 1262, 53, 91, '2024-01-20 08:51:00'),
(997, 338, 46, 1088, 45, 98, '2024-01-21 13:13:00'),
(998, 338, 47, 1266, 31, 72, '2024-01-22 15:55:00'),
(999, 339, 45, 1234, 53, 113, '2024-01-20 11:39:00'),
(1000, 339, 46, 962, 28, 84, '2024-01-21 14:41:00'),
(1001, 339, 47, 1236, 21, 61, '2024-01-22 09:49:00'),
(1002, 340, 45, 1314, 23, 76, '2024-01-20 15:46:00'),
(1003, 340, 46, 1058, 42, 85, '2024-01-21 14:08:00'),
(1004, 340, 47, 1337, 34, 110, '2024-01-22 18:16:00'),
(1005, 341, 45, 1245, 40, 62, '2024-01-20 16:01:00'),
(1006, 341, 46, 1039, 14, 48, '2024-01-21 15:54:00'),
(1007, 341, 47, 1104, 19, 63, '2024-01-22 11:35:00'),
(1008, 342, 45, 1220, 24, 54, '2024-01-20 18:20:00'),
(1009, 342, 46, 1316, 41, 75, '2024-01-21 09:23:00'),
(1010, 342, 47, 1259, 58, 92, '2024-01-22 11:18:00'),
(1011, 343, 45, 1291, 39, 63, '2024-01-20 17:19:00'),
(1012, 343, 46, 1308, 54, 105, '2024-01-21 10:22:00'),
(1013, 343, 47, 1154, 43, 105, '2024-01-22 09:02:00'),
(1014, 344, 45, 1073, 16, 51, '2024-01-20 16:56:00'),
(1015, 344, 46, 1350, 63, 117, '2024-01-21 17:13:00'),
(1016, 344, 47, 1297, 18, 61, '2024-01-22 16:29:00'),
(1017, 345, 45, 1306, 53, 82, '2024-01-20 18:32:00'),
(1018, 345, 46, 996, 39, 73, '2024-01-21 15:48:00'),
(1019, 345, 47, 1175, 65, 107, '2024-01-22 12:27:00'),
(1020, 346, 45, 1135, 20, 64, '2024-01-20 18:18:00'),
(1021, 346, 46, 1295, 59, 103, '2024-01-21 15:19:00'),
(1022, 346, 47, 1028, 39, 73, '2024-01-22 14:03:00'),
(1023, 347, 45, 1186, 74, 112, '2024-01-20 14:54:00'),
(1024, 347, 46, 1275, 77, 119, '2024-01-21 09:22:00'),
(1025, 347, 47, 1147, 48, 100, '2024-01-22 17:03:00'),
(1026, 348, 45, 1073, 60, 95, '2024-01-20 15:20:00'),
(1027, 348, 46, 1089, 25, 70, '2024-01-21 16:39:00'),
(1028, 348, 47, 1120, 27, 58, '2024-01-22 14:00:00'),
(1029, 349, 45, 1186, 32, 63, '2024-01-20 15:04:00'),
(1030, 349, 46, 1079, 29, 64, '2024-01-21 16:23:00'),
(1031, 349, 47, 990, 39, 61, '2024-01-22 17:44:00'),
(1032, 350, 45, 1130, 48, 69, '2024-01-20 16:48:00'),
(1033, 350, 46, 951, 41, 67, '2024-01-21 18:47:00'),
(1034, 350, 47, 1245, 44, 97, '2024-01-22 12:54:00'),
(1035, 351, 45, 955, 32, 83, '2024-01-20 13:23:00'),
(1036, 351, 46, 1193, 32, 104, '2024-01-21 12:39:00'),
(1037, 351, 47, 1351, 61, 88, '2024-01-22 10:17:00'),
(1038, 352, 45, 1348, 50, 92, '2024-01-20 14:19:00'),
(1039, 352, 46, 1276, 46, 87, '2024-01-21 10:16:00'),
(1040, 352, 47, 1287, 73, 110, '2024-01-22 11:12:00'),
(1041, 353, 45, 1311, 28, 84, '2024-01-20 15:45:00'),
(1042, 353, 46, 1119, 24, 83, '2024-01-21 09:24:00'),
(1043, 353, 47, 977, 28, 70, '2024-01-22 08:58:00'),
(1044, 354, 48, 1120, 53, 109, '2024-06-05 11:50:00'),
(1045, 354, 49, 1016, 30, 47, '2024-06-06 16:32:00'),
(1046, 354, 50, 1311, 57, 118, '2024-06-08 14:44:00'),
(1047, 355, 48, 1314, 68, 102, '2024-06-05 17:33:00'),
(1048, 355, 49, 950, 53, 86, '2024-06-06 11:21:00'),
(1049, 355, 50, 1004, 50, 92, '2024-06-08 16:51:00'),
(1050, 356, 48, 1143, 66, 95, '2024-06-05 13:02:00'),
(1051, 356, 49, 1133, 33, 89, '2024-06-06 12:43:00'),
(1052, 356, 50, 1001, 41, 94, '2024-06-08 16:21:00'),
(1053, 357, 48, 1355, 20, 57, '2024-06-05 12:00:00'),
(1054, 357, 49, 1360, 60, 104, '2024-06-06 08:36:00'),
(1055, 357, 50, 1094, 26, 67, '2024-06-08 09:35:00'),
(1056, 358, 48, 1272, 34, 55, '2024-06-05 12:54:00'),
(1057, 358, 49, 1313, 37, 74, '2024-06-06 12:30:00'),
(1058, 358, 50, 1271, 21, 71, '2024-06-08 11:41:00'),
(1059, 359, 48, 1302, 46, 76, '2024-06-05 11:39:00'),
(1060, 359, 49, 1211, 23, 69, '2024-06-06 15:23:00'),
(1061, 359, 50, 1001, 28, 85, '2024-06-08 16:26:00'),
(1062, 360, 48, 1280, 53, 88, '2024-06-05 15:43:00'),
(1063, 360, 49, 1234, 53, 91, '2024-06-06 13:11:00'),
(1064, 360, 50, 1203, 42, 119, '2024-06-08 15:08:00'),
(1065, 361, 48, 1177, 25, 71, '2024-06-05 11:21:00'),
(1066, 361, 49, 1322, 53, 109, '2024-06-06 13:28:00'),
(1067, 361, 50, 1212, 41, 80, '2024-06-08 14:41:00'),
(1068, 362, 48, 1088, 27, 44, '2024-06-05 18:21:00'),
(1069, 362, 49, 943, 33, 60, '2024-06-06 16:22:00'),
(1070, 362, 50, 1047, 16, 43, '2024-06-08 09:21:00'),
(1071, 363, 48, 1214, 43, 92, '2024-06-05 17:16:00'),
(1072, 363, 49, 1314, 29, 94, '2024-06-06 16:01:00'),
(1073, 363, 50, 1006, 26, 51, '2024-06-08 16:08:00'),
(1074, 364, 48, 962, 36, 53, '2024-06-05 17:33:00'),
(1075, 364, 49, 1298, 84, 126, '2024-06-06 10:58:00'),
(1076, 364, 50, 1000, 36, 57, '2024-06-08 18:57:00'),
(1077, 365, 48, 1360, 68, 99, '2024-06-05 16:03:00'),
(1078, 365, 49, 1152, 34, 75, '2024-06-06 18:15:00'),
(1079, 365, 50, 1178, 55, 94, '2024-06-08 13:14:00'),
(1080, 366, 48, 1017, 29, 48, '2024-06-05 15:05:00'),
(1081, 366, 49, 1086, 32, 75, '2024-06-06 14:45:00'),
(1082, 366, 50, 1148, 56, 99, '2024-06-08 14:42:00'),
(1083, 367, 48, 1018, 27, 76, '2024-06-05 15:47:00'),
(1084, 367, 49, 1304, 55, 86, '2024-06-06 08:46:00'),
(1085, 367, 50, 1099, 58, 104, '2024-06-08 15:53:00'),
(1086, 368, 48, 1292, 61, 111, '2024-06-05 12:25:00'),
(1087, 368, 49, 1285, 25, 65, '2024-06-06 18:28:00'),
(1088, 368, 50, 1181, 63, 112, '2024-06-08 17:48:00'),
(1089, 369, 48, 1068, 33, 55, '2024-06-05 10:13:00'),
(1090, 369, 49, 1051, 55, 89, '2024-06-06 08:04:00'),
(1091, 369, 50, 1216, 77, 120, '2024-06-08 14:54:00'),
(1092, 370, 48, 1043, 28, 71, '2024-06-05 14:17:00'),
(1093, 370, 49, 1339, 18, 56, '2024-06-06 18:47:00'),
(1094, 370, 50, 1253, 55, 114, '2024-06-08 09:23:00'),
(1095, 371, 48, 1054, 22, 44, '2024-06-05 11:49:00'),
(1096, 371, 49, 1035, 44, 64, '2024-06-06 17:18:00'),
(1097, 371, 50, 1055, 35, 63, '2024-06-08 12:13:00'),
(1098, 372, 48, 1080, 22, 74, '2024-06-05 09:31:00'),
(1099, 372, 49, 1239, 57, 99, '2024-06-06 10:52:00'),
(1100, 372, 50, 1242, 56, 89, '2024-06-08 11:44:00'),
(1101, 373, 48, 962, 50, 73, '2024-06-05 10:44:00'),
(1102, 373, 49, 1114, 23, 66, '2024-06-06 12:15:00'),
(1103, 373, 50, 1318, 31, 55, '2024-06-08 13:29:00'),
(1104, 374, 51, 1667, 58, 83, '2024-08-28 11:08:00'),
(1105, 374, 52, 1461, 82, 136, '2024-08-29 15:05:00'),
(1106, 374, 53, 1298, 45, 87, '2024-08-30 09:39:00'),
(1107, 375, 51, 1394, 45, 91, '2024-08-28 09:06:00'),
(1108, 375, 52, 1280, 26, 83, '2024-08-29 16:14:00'),
(1109, 375, 53, 1533, 46, 121, '2024-08-30 13:56:00'),
(1110, 376, 51, 1648, 35, 102, '2024-08-28 12:14:00'),
(1111, 376, 52, 1440, 58, 113, '2024-08-29 08:39:00'),
(1112, 376, 53, 1573, 41, 82, '2024-08-30 09:19:00'),
(1113, 377, 51, 1408, 41, 127, '2024-08-28 08:14:00'),
(1114, 377, 52, 1171, 47, 87, '2024-08-29 08:27:00'),
(1115, 377, 53, 1590, 64, 152, '2024-08-30 14:57:00'),
(1116, 378, 51, 1680, 46, 91, '2024-08-28 12:30:00'),
(1117, 378, 52, 1613, 59, 144, '2024-08-29 14:18:00'),
(1118, 378, 53, 1583, 49, 157, '2024-08-30 10:55:00'),
(1119, 379, 51, 1533, 60, 127, '2024-08-28 15:48:00'),
(1120, 379, 52, 1242, 63, 117, '2024-08-29 16:00:00'),
(1121, 379, 53, 1578, 28, 75, '2024-08-30 18:02:00'),
(1122, 380, 51, 1636, 88, 157, '2024-08-28 13:51:00'),
(1123, 380, 52, 1405, 46, 68, '2024-08-29 18:20:00'),
(1124, 380, 53, 1614, 58, 147, '2024-08-30 16:14:00'),
(1125, 381, 51, 1619, 70, 107, '2024-08-28 16:17:00'),
(1126, 381, 52, 1610, 55, 135, '2024-08-29 12:05:00'),
(1127, 381, 53, 1257, 40, 88, '2024-08-30 18:16:00'),
(1128, 382, 51, 1605, 53, 103, '2024-08-28 18:32:00'),
(1129, 382, 52, 1364, 35, 95, '2024-08-29 11:53:00'),
(1130, 382, 53, 1411, 32, 108, '2024-08-30 12:12:00'),
(1131, 383, 51, 1295, 41, 68, '2024-08-28 14:02:00'),
(1132, 383, 52, 1362, 50, 107, '2024-08-29 12:58:00'),
(1133, 383, 53, 1654, 32, 103, '2024-08-30 12:56:00'),
(1134, 384, 51, 1534, 36, 78, '2024-08-28 18:53:00'),
(1135, 384, 52, 1182, 62, 116, '2024-08-29 08:56:00'),
(1136, 384, 53, 1622, 59, 129, '2024-08-30 17:10:00'),
(1137, 385, 51, 1587, 32, 86, '2024-08-28 17:28:00'),
(1138, 385, 52, 1706, 48, 91, '2024-08-29 15:19:00'),
(1139, 385, 53, 1709, 51, 158, '2024-08-30 12:11:00'),
(1140, 386, 51, 1634, 30, 66, '2024-08-28 09:43:00'),
(1141, 386, 52, 1296, 49, 76, '2024-08-29 17:53:00'),
(1142, 386, 53, 1614, 36, 123, '2024-08-30 09:05:00'),
(1143, 387, 51, 1675, 47, 70, '2024-08-28 13:27:00'),
(1144, 387, 52, 1242, 21, 54, '2024-08-29 12:04:00'),
(1145, 387, 53, 1200, 28, 66, '2024-08-30 18:34:00'),
(1146, 388, 51, 1604, 54, 136, '2024-08-28 13:56:00'),
(1147, 388, 52, 1439, 64, 104, '2024-08-29 15:09:00'),
(1148, 388, 53, 1702, 61, 133, '2024-08-30 14:07:00'),
(1149, 389, 51, 1680, 73, 110, '2024-08-28 12:37:00'),
(1150, 389, 52, 1683, 41, 96, '2024-08-29 10:22:00'),
(1151, 389, 53, 1278, 73, 118, '2024-08-30 15:23:00'),
(1152, 390, 51, 1454, 61, 94, '2024-08-28 16:47:00'),
(1153, 390, 52, 1665, 33, 84, '2024-08-29 09:15:00'),
(1154, 390, 53, 1550, 53, 81, '2024-08-30 08:57:00'),
(1155, 391, 51, 1510, 81, 122, '2024-08-28 15:59:00'),
(1156, 391, 52, 1562, 72, 129, '2024-08-29 18:00:00'),
(1157, 391, 53, 1648, 62, 104, '2024-08-30 12:08:00'),
(1158, 392, 51, 1428, 49, 101, '2024-08-28 13:05:00'),
(1159, 392, 52, 1447, 56, 87, '2024-08-29 08:56:00'),
(1160, 392, 53, 1581, 92, 152, '2024-08-30 16:50:00'),
(1161, 393, 51, 1298, 39, 94, '2024-08-28 11:06:00'),
(1162, 393, 52, 1346, 26, 76, '2024-08-29 11:49:00'),
(1163, 393, 53, 1373, 41, 86, '2024-08-30 18:12:00'),
(1164, 394, 51, 1447, 49, 121, '2024-08-28 10:22:00'),
(1165, 394, 52, 1209, 33, 60, '2024-08-29 17:12:00'),
(1166, 394, 53, 1236, 62, 90, '2024-08-30 17:54:00'),
(1167, 395, 54, 1256, 39, 115, '2024-04-10 11:53:00'),
(1168, 395, 55, 1396, 88, 137, '2024-04-11 12:25:00'),
(1169, 395, 56, 1667, 43, 72, '2024-04-12 17:07:00'),
(1170, 396, 54, 1199, 48, 110, '2024-04-10 12:58:00'),
(1171, 396, 55, 1602, 86, 129, '2024-04-11 08:48:00'),
(1172, 396, 56, 1208, 32, 92, '2024-04-12 15:46:00'),
(1173, 397, 54, 1562, 47, 136, '2024-04-10 09:43:00'),
(1174, 397, 55, 1421, 85, 129, '2024-04-11 12:00:00'),
(1175, 397, 56, 1179, 36, 58, '2024-04-12 17:53:00'),
(1176, 398, 54, 1636, 41, 121, '2024-04-10 18:13:00'),
(1177, 398, 55, 1352, 43, 72, '2024-04-11 13:50:00'),
(1178, 398, 56, 1305, 22, 56, '2024-04-12 14:53:00'),
(1179, 399, 54, 1479, 88, 132, '2024-04-10 16:52:00'),
(1180, 399, 55, 1445, 33, 57, '2024-04-11 09:49:00'),
(1181, 399, 56, 1355, 61, 93, '2024-04-12 17:54:00'),
(1182, 400, 54, 1352, 65, 118, '2024-04-10 13:39:00'),
(1183, 400, 55, 1694, 61, 144, '2024-04-11 09:16:00'),
(1184, 400, 56, 1279, 52, 100, '2024-04-12 08:32:00'),
(1185, 401, 54, 1562, 34, 75, '2024-04-10 12:50:00'),
(1186, 401, 55, 1534, 52, 120, '2024-04-11 16:00:00'),
(1187, 401, 56, 1618, 59, 87, '2024-04-12 12:09:00'),
(1188, 402, 54, 1352, 30, 68, '2024-04-10 14:59:00'),
(1189, 402, 55, 1574, 37, 71, '2024-04-11 17:01:00'),
(1190, 402, 56, 1316, 56, 84, '2024-04-12 11:50:00'),
(1191, 403, 54, 1695, 59, 120, '2024-04-10 18:19:00'),
(1192, 403, 55, 1277, 34, 66, '2024-04-11 13:15:00'),
(1193, 403, 56, 1631, 44, 88, '2024-04-12 18:49:00'),
(1194, 404, 54, 1438, 72, 125, '2024-04-10 15:57:00'),
(1195, 404, 55, 1651, 41, 132, '2024-04-11 12:53:00'),
(1196, 404, 56, 1454, 43, 63, '2024-04-12 15:27:00'),
(1197, 405, 54, 1536, 22, 64, '2024-04-10 08:53:00'),
(1198, 405, 55, 1611, 87, 155, '2024-04-11 18:45:00'),
(1199, 405, 56, 1276, 27, 87, '2024-04-12 18:57:00'),
(1200, 406, 54, 1384, 37, 103, '2024-04-10 12:22:00'),
(1201, 406, 55, 1573, 31, 76, '2024-04-11 17:11:00'),
(1202, 406, 56, 1628, 43, 101, '2024-04-12 09:44:00'),
(1203, 407, 54, 1202, 36, 52, '2024-04-10 15:15:00'),
(1204, 407, 55, 1366, 56, 94, '2024-04-11 17:13:00'),
(1205, 407, 56, 1383, 18, 58, '2024-04-12 14:22:00'),
(1206, 408, 54, 1342, 66, 119, '2024-04-10 11:25:00'),
(1207, 408, 55, 1223, 38, 85, '2024-04-11 10:07:00'),
(1208, 408, 56, 1373, 32, 85, '2024-04-12 16:36:00'),
(1209, 409, 57, 1686, 106, 166, '2024-10-15 10:44:00'),
(1210, 409, 58, 1449, 57, 93, '2024-10-16 08:01:00'),
(1211, 409, 59, 1479, 27, 79, '2024-10-17 15:18:00'),
(1212, 410, 57, 1213, 25, 57, '2024-10-15 10:19:00'),
(1213, 410, 58, 1561, 50, 138, '2024-10-16 14:42:00'),
(1214, 410, 59, 1624, 68, 144, '2024-10-17 17:04:00'),
(1215, 411, 57, 1289, 41, 61, '2024-10-15 13:46:00'),
(1216, 411, 58, 1612, 56, 150, '2024-10-16 09:20:00'),
(1217, 411, 59, 1528, 53, 82, '2024-10-17 15:35:00'),
(1218, 412, 57, 1458, 81, 136, '2024-10-15 16:50:00'),
(1219, 412, 58, 1332, 38, 87, '2024-10-16 13:27:00'),
(1220, 412, 59, 1595, 38, 105, '2024-10-17 14:55:00'),
(1221, 413, 57, 1502, 28, 83, '2024-10-15 08:19:00'),
(1222, 413, 58, 1363, 59, 110, '2024-10-16 12:59:00'),
(1223, 413, 59, 1634, 26, 76, '2024-10-17 10:55:00'),
(1224, 414, 57, 1549, 49, 98, '2024-10-15 15:35:00'),
(1225, 414, 58, 1356, 21, 62, '2024-10-16 09:33:00'),
(1226, 414, 59, 1468, 35, 65, '2024-10-17 09:55:00'),
(1227, 415, 57, 1520, 93, 147, '2024-10-15 11:34:00'),
(1228, 415, 58, 1292, 84, 129, '2024-10-16 13:13:00'),
(1229, 415, 59, 1664, 51, 87, '2024-10-17 18:31:00'),
(1230, 416, 57, 1186, 52, 83, '2024-10-15 14:02:00'),
(1231, 416, 58, 1390, 58, 90, '2024-10-16 15:28:00'),
(1232, 416, 59, 1202, 36, 72, '2024-10-17 08:28:00'),
(1233, 417, 57, 1672, 47, 81, '2024-10-15 16:32:00'),
(1234, 417, 58, 1365, 50, 110, '2024-10-16 09:38:00'),
(1235, 417, 59, 1479, 49, 81, '2024-10-17 08:09:00'),
(1236, 418, 57, 1315, 27, 65, '2024-10-15 16:53:00'),
(1237, 418, 58, 1515, 89, 130, '2024-10-16 17:52:00'),
(1238, 418, 59, 1704, 51, 114, '2024-10-17 09:17:00'),
(1239, 419, 57, 1623, 64, 94, '2024-10-15 13:52:00'),
(1240, 419, 58, 1553, 64, 132, '2024-10-16 14:52:00'),
(1241, 419, 59, 1327, 36, 54, '2024-10-17 15:50:00'),
(1242, 420, 57, 1214, 32, 104, '2024-10-15 14:09:00'),
(1243, 420, 58, 1343, 75, 133, '2024-10-16 13:26:00'),
(1244, 420, 59, 1298, 54, 117, '2024-10-17 16:16:00'),
(1245, 421, 57, 1354, 25, 72, '2024-10-15 10:42:00'),
(1246, 421, 58, 1690, 54, 113, '2024-10-16 09:24:00'),
(1247, 421, 59, 1459, 26, 78, '2024-10-17 16:14:00'),
(1248, 422, 57, 1464, 41, 65, '2024-10-15 11:37:00'),
(1249, 422, 58, 1273, 48, 72, '2024-10-16 13:22:00'),
(1250, 422, 59, 1268, 54, 90, '2024-10-17 15:34:00'),
(1251, 423, 57, 1511, 58, 93, '2024-10-15 12:06:00'),
(1252, 423, 58, 1630, 72, 120, '2024-10-16 13:17:00'),
(1253, 423, 59, 1353, 40, 91, '2024-10-17 14:02:00'),
(1254, 424, 57, 1510, 45, 142, '2024-10-15 18:53:00'),
(1255, 424, 58, 1667, 60, 117, '2024-10-16 08:52:00'),
(1256, 424, 59, 1170, 31, 56, '2024-10-17 14:17:00'),
(1257, 425, 57, 1363, 63, 102, '2024-10-15 12:51:00'),
(1258, 425, 58, 1627, 55, 122, '2024-10-16 14:27:00'),
(1259, 425, 59, 1635, 46, 70, '2024-10-17 09:22:00'),
(1260, 426, 57, 1309, 51, 124, '2024-10-15 12:35:00'),
(1261, 426, 58, 1218, 50, 72, '2024-10-16 09:39:00'),
(1262, 426, 59, 1465, 71, 118, '2024-10-17 16:20:00'),
(1263, 427, 57, 1570, 41, 112, '2024-10-15 18:27:00'),
(1264, 427, 58, 1307, 28, 68, '2024-10-16 09:53:00'),
(1265, 427, 59, 1568, 52, 153, '2024-10-17 18:45:00'),
(1266, 428, 57, 1228, 35, 86, '2024-10-15 12:54:00'),
(1267, 428, 58, 1641, 57, 100, '2024-10-16 08:53:00'),
(1268, 428, 59, 1220, 30, 77, '2024-10-17 08:36:00'),
(1269, 429, 57, 1256, 36, 100, '2024-10-15 17:34:00'),
(1270, 429, 58, 1563, 39, 80, '2024-10-16 14:06:00'),
(1271, 429, 59, 1455, 44, 77, '2024-10-17 12:57:00'),
(1272, 430, 57, 1508, 55, 100, '2024-10-15 17:52:00'),
(1273, 430, 58, 1324, 46, 92, '2024-10-16 12:20:00'),
(1274, 430, 59, 1647, 49, 161, '2024-10-17 14:01:00'),
(1275, 431, 57, 1415, 39, 69, '2024-10-15 15:04:00'),
(1276, 431, 58, 1214, 55, 112, '2024-10-16 12:11:00'),
(1277, 431, 59, 1672, 28, 96, '2024-10-17 13:50:00'),
(1278, 432, 57, 1484, 29, 62, '2024-10-15 14:41:00'),
(1279, 432, 58, 1678, 62, 115, '2024-10-16 08:26:00'),
(1280, 432, 59, 1633, 62, 95, '2024-10-17 13:58:00'),
(1281, 433, 57, 1457, 45, 115, '2024-10-15 09:54:00'),
(1282, 433, 58, 1246, 46, 76, '2024-10-16 16:55:00'),
(1283, 433, 59, 1627, 107, 162, '2024-10-17 08:52:00'),
(1284, 434, 57, 1633, 105, 163, '2024-10-15 10:45:00'),
(1285, 434, 58, 1350, 42, 88, '2024-10-16 15:20:00'),
(1286, 434, 59, 1385, 51, 88, '2024-10-17 10:00:00'),
(1287, 435, 60, 521, 27, 40, '2024-12-20 08:44:00'),
(1288, 435, 61, 632, 13, 25, '2024-12-21 09:53:00'),
(1289, 435, 62, 605, 15, 34, '2024-12-23 15:31:00'),
(1290, 436, 60, 643, 30, 46, '2024-12-20 17:32:00'),
(1291, 436, 61, 559, 10, 29, '2024-12-21 13:21:00'),
(1292, 436, 62, 648, 29, 43, '2024-12-23 11:58:00'),
(1293, 437, 60, 557, 11, 25, '2024-12-20 15:53:00'),
(1294, 437, 61, 537, 18, 36, '2024-12-21 09:26:00'),
(1295, 437, 62, 674, 27, 53, '2024-12-23 15:09:00'),
(1296, 438, 60, 528, 28, 46, '2024-12-20 14:10:00'),
(1297, 438, 61, 553, 11, 36, '2024-12-21 18:16:00'),
(1298, 438, 62, 496, 21, 31, '2024-12-23 13:32:00'),
(1299, 439, 60, 620, 21, 47, '2024-12-20 11:53:00'),
(1300, 439, 61, 600, 25, 37, '2024-12-21 08:16:00'),
(1301, 439, 62, 507, 14, 30, '2024-12-23 08:12:00'),
(1302, 440, 60, 606, 18, 58, '2024-12-20 10:01:00'),
(1303, 440, 61, 497, 12, 29, '2024-12-21 10:09:00'),
(1304, 440, 62, 643, 29, 61, '2024-12-23 14:30:00'),
(1305, 441, 60, 569, 31, 52, '2024-12-20 10:31:00'),
(1306, 441, 61, 574, 32, 56, '2024-12-21 14:08:00'),
(1307, 441, 62, 494, 17, 27, '2024-12-23 10:47:00'),
(1308, 442, 60, 543, 32, 48, '2024-12-20 11:38:00'),
(1309, 442, 61, 660, 21, 47, '2024-12-21 17:10:00'),
(1310, 442, 62, 487, 14, 23, '2024-12-23 10:05:00'),
(1311, 443, 60, 642, 7, 26, '2024-12-20 16:51:00'),
(1312, 443, 61, 522, 20, 47, '2024-12-21 14:38:00'),
(1313, 443, 62, 600, 21, 50, '2024-12-23 08:35:00'),
(1314, 444, 60, 679, 15, 45, '2024-12-20 10:58:00'),
(1315, 444, 61, 605, 10, 31, '2024-12-21 08:18:00'),
(1316, 444, 62, 570, 14, 38, '2024-12-23 16:27:00'),
(1317, 445, 60, 594, 20, 30, '2024-12-20 16:30:00'),
(1318, 445, 61, 539, 18, 34, '2024-12-21 13:54:00'),
(1319, 445, 62, 607, 19, 32, '2024-12-23 11:43:00'),
(1320, 446, 60, 555, 13, 24, '2024-12-20 18:27:00'),
(1321, 446, 61, 542, 18, 41, '2024-12-21 16:55:00'),
(1322, 446, 62, 638, 19, 42, '2024-12-23 08:29:00'),
(1323, 447, 60, 521, 26, 46, '2024-12-20 14:36:00'),
(1324, 447, 61, 635, 11, 33, '2024-12-21 13:30:00'),
(1325, 447, 62, 675, 11, 26, '2024-12-23 18:58:00'),
(1326, 448, 60, 504, 21, 34, '2024-12-20 14:05:00'),
(1327, 448, 61, 503, 30, 48, '2024-12-21 17:23:00'),
(1328, 448, 62, 503, 19, 32, '2024-12-23 13:15:00'),
(1329, 449, 60, 497, 15, 34, '2024-12-20 12:16:00'),
(1330, 449, 61, 647, 18, 62, '2024-12-21 17:39:00'),
(1331, 449, 62, 609, 15, 35, '2024-12-23 14:38:00'),
(1332, 450, 60, 472, 21, 44, '2024-12-20 15:42:00'),
(1333, 450, 61, 633, 26, 56, '2024-12-21 11:35:00'),
(1334, 450, 62, 618, 13, 25, '2024-12-23 18:05:00'),
(1335, 451, 60, 647, 14, 27, '2024-12-20 08:24:00'),
(1336, 451, 61, 508, 23, 47, '2024-12-21 09:44:00'),
(1337, 451, 62, 549, 24, 51, '2024-12-23 15:51:00'),
(1338, 452, 60, 575, 22, 34, '2024-12-20 11:16:00'),
(1339, 452, 61, 662, 38, 65, '2024-12-21 12:09:00'),
(1340, 452, 62, 478, 25, 40, '2024-12-23 11:16:00'),
(1341, 453, 60, 611, 21, 55, '2024-12-20 14:49:00'),
(1342, 453, 61, 536, 18, 29, '2024-12-21 10:26:00'),
(1343, 453, 62, 611, 23, 42, '2024-12-23 14:34:00'),
(1344, 454, 60, 536, 14, 21, '2024-12-20 10:21:00'),
(1345, 454, 61, 554, 20, 33, '2024-12-21 08:32:00'),
(1346, 454, 62, 499, 25, 43, '2024-12-23 13:39:00'),
(1347, 455, 60, 478, 18, 40, '2024-12-20 16:29:00'),
(1348, 455, 61, 512, 10, 22, '2024-12-21 13:03:00'),
(1349, 455, 62, 603, 15, 32, '2024-12-23 08:14:00'),
(1350, 456, 60, 547, 9, 28, '2024-12-20 15:17:00'),
(1351, 456, 61, 638, 15, 27, '2024-12-21 15:22:00'),
(1352, 456, 62, 632, 30, 46, '2024-12-23 18:56:00'),
(1353, 457, 60, 488, 13, 26, '2024-12-20 17:21:00'),
(1354, 457, 61, 531, 10, 22, '2024-12-21 09:39:00'),
(1355, 457, 62, 487, 12, 27, '2024-12-23 15:49:00'),
(1356, 458, 60, 534, 25, 37, '2024-12-20 14:12:00'),
(1357, 458, 61, 682, 37, 64, '2024-12-21 10:30:00'),
(1358, 458, 62, 585, 19, 44, '2024-12-23 09:52:00'),
(1359, 459, 60, 545, 22, 52, '2024-12-20 17:39:00'),
(1360, 459, 61, 564, 31, 46, '2024-12-21 12:36:00'),
(1361, 459, 62, 669, 27, 39, '2024-12-23 17:31:00'),
(1362, 460, 60, 615, 16, 36, '2024-12-20 12:16:00'),
(1363, 460, 61, 523, 14, 31, '2024-12-21 14:43:00'),
(1364, 460, 62, 510, 17, 50, '2024-12-23 18:00:00'),
(1365, 461, 60, 487, 20, 41, '2024-12-20 15:42:00'),
(1366, 461, 61, 641, 19, 29, '2024-12-21 16:40:00'),
(1367, 461, 62, 682, 20, 57, '2024-12-23 09:37:00'),
(1368, 462, 60, 579, 14, 39, '2024-12-20 12:30:00'),
(1369, 462, 61, 617, 16, 39, '2024-12-21 09:32:00'),
(1370, 462, 62, 629, 23, 48, '2024-12-23 18:53:00'),
(1371, 463, 60, 682, 35, 56, '2024-12-20 09:45:00'),
(1372, 463, 61, 663, 46, 66, '2024-12-21 13:11:00'),
(1373, 463, 62, 494, 21, 39, '2024-12-23 14:39:00'),
(1374, 464, 4, 954, 54, 91, '2024-03-15 18:48:00'),
(1375, 464, 5, 1119, 52, 86, '2024-03-16 13:33:00'),
(1376, 464, 6, 1043, 19, 57, '2024-03-17 14:48:00'),
(1377, 465, 4, 1265, 34, 71, '2024-03-15 08:14:00'),
(1378, 465, 5, 995, 13, 46, '2024-03-16 08:02:00'),
(1379, 465, 6, 1091, 29, 46, '2024-03-17 15:41:00'),
(1380, 466, 4, 1351, 45, 125, '2024-03-15 09:36:00'),
(1381, 466, 5, 1125, 56, 102, '2024-03-16 14:06:00'),
(1382, 466, 6, 1200, 51, 92, '2024-03-17 13:28:00'),
(1383, 467, 4, 1184, 73, 111, '2024-03-15 18:29:00'),
(1384, 467, 5, 1118, 32, 64, '2024-03-16 08:04:00'),
(1385, 467, 6, 1209, 65, 116, '2024-03-17 13:39:00'),
(1386, 468, 4, 1057, 36, 80, '2024-03-15 18:28:00'),
(1387, 468, 5, 1236, 61, 91, '2024-03-16 10:51:00'),
(1388, 468, 6, 1288, 30, 58, '2024-03-17 13:03:00'),
(1389, 469, 4, 1261, 66, 104, '2024-03-15 15:21:00'),
(1390, 469, 5, 1273, 66, 107, '2024-03-16 08:56:00'),
(1391, 469, 6, 1145, 50, 88, '2024-03-17 13:17:00'),
(1392, 470, 4, 1268, 58, 122, '2024-03-15 11:11:00'),
(1393, 470, 5, 1050, 19, 61, '2024-03-16 12:12:00'),
(1394, 470, 6, 1269, 29, 52, '2024-03-17 08:56:00'),
(1395, 471, 4, 1104, 51, 108, '2024-03-15 10:50:00'),
(1396, 471, 5, 1089, 43, 78, '2024-03-16 14:54:00'),
(1397, 471, 6, 988, 19, 60, '2024-03-17 18:29:00'),
(1398, 472, 4, 1225, 41, 116, '2024-03-15 13:48:00'),
(1399, 472, 5, 998, 48, 80, '2024-03-16 13:30:00'),
(1400, 472, 6, 982, 26, 77, '2024-03-17 09:15:00'),
(1401, 473, 4, 1239, 70, 115, '2024-03-15 16:31:00'),
(1402, 473, 5, 1035, 18, 55, '2024-03-16 10:34:00'),
(1403, 473, 6, 1238, 56, 97, '2024-03-17 17:01:00'),
(1404, 474, 4, 1318, 43, 92, '2024-03-15 12:29:00'),
(1405, 474, 5, 1034, 38, 101, '2024-03-16 10:23:00'),
(1406, 474, 6, 1002, 29, 86, '2024-03-17 12:34:00'),
(1407, 475, 4, 1296, 37, 98, '2024-03-15 11:08:00'),
(1408, 475, 5, 1192, 32, 60, '2024-03-16 16:07:00'),
(1409, 475, 6, 1244, 38, 109, '2024-03-17 16:22:00'),
(1410, 476, 4, 1223, 46, 75, '2024-03-15 15:45:00'),
(1411, 476, 5, 982, 28, 95, '2024-03-16 12:03:00'),
(1412, 476, 6, 1258, 60, 95, '2024-03-17 17:28:00'),
(1413, 477, 4, 1297, 71, 119, '2024-03-15 11:27:00'),
(1414, 477, 5, 1351, 27, 69, '2024-03-16 18:43:00'),
(1415, 477, 6, 1259, 50, 110, '2024-03-17 14:23:00'),
(1416, 478, 4, 972, 27, 77, '2024-03-15 10:15:00'),
(1417, 478, 5, 1332, 81, 129, '2024-03-16 11:40:00'),
(1418, 478, 6, 1339, 36, 94, '2024-03-17 14:11:00'),
(1419, 479, 4, 1319, 51, 128, '2024-03-15 15:18:00'),
(1420, 479, 5, 1000, 31, 47, '2024-03-16 17:38:00'),
(1421, 479, 6, 1330, 37, 59, '2024-03-17 12:59:00'),
(1422, 480, 4, 1210, 34, 61, '2024-03-15 18:15:00'),
(1423, 480, 5, 1302, 60, 88, '2024-03-16 18:38:00'),
(1424, 480, 6, 1232, 16, 50, '2024-03-17 08:00:00'),
(1425, 481, 4, 962, 14, 43, '2024-03-15 18:20:00'),
(1426, 481, 5, 1048, 55, 89, '2024-03-16 12:37:00'),
(1427, 481, 6, 1267, 58, 99, '2024-03-17 13:30:00'),
(1428, 482, 4, 1008, 51, 83, '2024-03-15 10:02:00'),
(1429, 482, 5, 1233, 68, 98, '2024-03-16 17:17:00'),
(1430, 482, 6, 1264, 16, 54, '2024-03-17 12:10:00'),
(1431, 483, 4, 1087, 26, 49, '2024-03-15 12:48:00'),
(1432, 483, 5, 1047, 34, 103, '2024-03-16 12:03:00'),
(1433, 483, 6, 987, 38, 88, '2024-03-17 18:05:00'),
(1434, 484, 4, 1288, 35, 64, '2024-03-15 15:04:00'),
(1435, 484, 5, 1134, 66, 96, '2024-03-16 13:21:00'),
(1436, 484, 6, 1210, 28, 66, '2024-03-17 09:31:00'),
(1437, 485, 4, 998, 51, 95, '2024-03-15 11:01:00'),
(1438, 485, 5, 1193, 61, 101, '2024-03-16 14:41:00'),
(1439, 485, 6, 942, 34, 62, '2024-03-17 14:17:00'),
(1440, 486, 4, 1079, 46, 83, '2024-03-15 11:23:00'),
(1441, 486, 5, 1136, 28, 83, '2024-03-16 13:51:00'),
(1442, 486, 6, 1022, 28, 75, '2024-03-17 15:34:00'),
(1443, 487, 4, 1185, 26, 55, '2024-03-15 10:19:00'),
(1444, 487, 5, 1300, 42, 80, '2024-03-16 16:49:00'),
(1445, 487, 6, 1166, 39, 65, '2024-03-17 10:27:00'),
(1446, 488, 4, 951, 38, 91, '2024-03-15 08:54:00'),
(1447, 488, 5, 963, 29, 43, '2024-03-16 09:58:00'),
(1448, 488, 6, 997, 29, 74, '2024-03-17 16:38:00'),
(1449, 489, 4, 1306, 23, 53, '2024-03-15 09:16:00'),
(1450, 489, 5, 981, 20, 40, '2024-03-16 11:50:00'),
(1451, 489, 6, 1007, 34, 64, '2024-03-17 15:53:00'),
(1452, 490, 4, 1096, 41, 95, '2024-03-15 14:27:00'),
(1453, 490, 5, 1291, 39, 123, '2024-03-16 08:25:00'),
(1454, 490, 6, 1198, 60, 90, '2024-03-17 11:26:00');

-- --------------------------------------------------------

--
-- Table structure for table `roundType`
--

CREATE TABLE `roundType` (
  `roundType` varchar(50) NOT NULL,
  `baseRoundID` varchar(50) DEFAULT NULL
) ENGINE=InnoDB DEFAULT CHARSET=latin1;

--
-- Dumping data for table `roundType`
--

INSERT INTO `roundType` (`roundType`, `baseRoundID`) VALUES
('Hobart', NULL),
('Long Sydney', NULL),
('Wollongong', NULL),
('Darwin', 'Hobart'),
('Drake', 'Hobart'),
('Geelong', 'Hobart'),
('Grange', 'Hobart'),
('Holt', 'Hobart'),
('Junior Canberra', 'Hobart'),
('Melbourne', 'Hobart'),
('Mini Canberra', 'Hobart'),
('Newcastle', 'Hobart'),
('Perth', 'Hobart'),
('Samford', 'Hobart'),
('Short Canberra', 'Hobart'),
('WA60/900', 'Hobart'),
('Adelaide', 'Long Sydney'),
('Brisbane', 'Long Sydney'),
('Long Brisbane', 'Long Sydney'),
('Short Adelaide', 'Long Sydney'),
('Sydney', 'Long Sydney'),
('AA40/1440', 'WA90/1440'),
('AA50/1440', 'WA90/1440'),
('WA60/1440', 'WA90/1440'),
('WA70/1440', 'WA90/1440'),
('WA90/1440', 'WA90/1440'),
('AA20/720', 'Wollongong'),
('AA30/720', 'Wollongong'),
('AA40/720', 'Wollongong'),
('AA50/720', 'Wollongong'),
('Launceston', 'Wollongong'),
('Townsville', 'Wollongong'),
('WA50/720', 'Wollongong'),
('WA60/720', 'Wollongong'),
('WA70/720', 'Wollongong'),
('WABB50/720', 'Wollongong');

--
-- Indexes for dumped tables
--

--
-- Indexes for table `archer`
--
ALTER TABLE `archer`
  ADD PRIMARY KEY (`archerID`);

--
-- Indexes for table `arrowStaging`
--
ALTER TABLE `arrowStaging`
  ADD PRIMARY KEY (`arrowStagingID`),
  ADD KEY `roundID` (`roundID`),
  ADD KEY `participationID` (`participationID`),
  ADD KEY `recorderID` (`recorderID`);

--
-- Indexes for table `category`
--
ALTER TABLE `category`
  ADD PRIMARY KEY (`categoryID`);

--
-- Indexes for table `championship`
--
ALTER TABLE `championship`
  ADD PRIMARY KEY (`championshipID`);

--
-- Indexes for table `championshipResult`
--
ALTER TABLE `championshipResult`
  ADD PRIMARY KEY (`archerID`,`championshipID`),
  ADD KEY `championshipID` (`championshipID`);

--
-- Indexes for table `competition`
--
ALTER TABLE `competition`
  ADD PRIMARY KEY (`competitionID`),
  ADD KEY `championshipID` (`championshipID`);

--
-- Indexes for table `participation`
--
ALTER TABLE `participation`
  ADD PRIMARY KEY (`participationID`),
  ADD KEY `archerID` (`archerID`),
  ADD KEY `competitionID` (`competitionID`);

--
-- Indexes for table `participationCategory`
--
ALTER TABLE `participationCategory`
  ADD PRIMARY KEY (`participationID`,`categoryID`),
  ADD KEY `categoryID` (`categoryID`);

--
-- Indexes for table `range`
--
ALTER TABLE `range`
  ADD PRIMARY KEY (`rangeID`),
  ADD KEY `roundType` (`roundType`);

--
-- Indexes for table `recorder`
--
ALTER TABLE `recorder`
  ADD PRIMARY KEY (`recorderID`),
  ADD UNIQUE KEY `email` (`email`);

--
-- Indexes for table `round`
--
ALTER TABLE `round`
  ADD PRIMARY KEY (`roundID`),
  ADD KEY `competitionID` (`competitionID`),
  ADD KEY `roundType` (`roundType`);

--
-- Indexes for table `roundCategory`
--
ALTER TABLE `roundCategory`
  ADD PRIMARY KEY (`roundID`,`categoryID`),
  ADD KEY `categoryID` (`categoryID`);

--
-- Indexes for table `roundScore`
--
ALTER TABLE `roundScore`
  ADD PRIMARY KEY (`roundScoreID`),
  ADD KEY `participationID` (`participationID`),
  ADD KEY `roundID` (`roundID`);

--
-- Indexes for table `roundType`
--
ALTER TABLE `roundType`
  ADD PRIMARY KEY (`roundType`),
  ADD KEY `baseRoundID` (`baseRoundID`);

--
-- AUTO_INCREMENT for dumped tables
--

--
-- AUTO_INCREMENT for table `archer`
--
ALTER TABLE `archer`
  MODIFY `archerID` int(11) NOT NULL AUTO_INCREMENT, AUTO_INCREMENT=103;

--
-- AUTO_INCREMENT for table `arrowStaging`
--
ALTER TABLE `arrowStaging`
  MODIFY `arrowStagingID` int(11) NOT NULL AUTO_INCREMENT;

--
-- AUTO_INCREMENT for table `category`
--
ALTER TABLE `category`
  MODIFY `categoryID` int(11) NOT NULL AUTO_INCREMENT, AUTO_INCREMENT=81;

--
-- AUTO_INCREMENT for table `championship`
--
ALTER TABLE `championship`
  MODIFY `championshipID` int(11) NOT NULL AUTO_INCREMENT, AUTO_INCREMENT=2;

--
-- AUTO_INCREMENT for table `competition`
--
ALTER TABLE `competition`
  MODIFY `competitionID` int(11) NOT NULL AUTO_INCREMENT, AUTO_INCREMENT=41;

--
-- AUTO_INCREMENT for table `participation`
--
ALTER TABLE `participation`
  MODIFY `participationID` int(11) NOT NULL AUTO_INCREMENT, AUTO_INCREMENT=491;

--
-- AUTO_INCREMENT for table `range`
--
ALTER TABLE `range`
  MODIFY `rangeID` int(11) NOT NULL AUTO_INCREMENT, AUTO_INCREMENT=85;

--
-- AUTO_INCREMENT for table `recorder`
--
ALTER TABLE `recorder`
  MODIFY `recorderID` int(11) NOT NULL AUTO_INCREMENT, AUTO_INCREMENT=2;

--
-- AUTO_INCREMENT for table `round`
--
ALTER TABLE `round`
  MODIFY `roundID` int(11) NOT NULL AUTO_INCREMENT, AUTO_INCREMENT=63;

--
-- AUTO_INCREMENT for table `roundScore`
--
ALTER TABLE `roundScore`
  MODIFY `roundScoreID` int(11) NOT NULL AUTO_INCREMENT, AUTO_INCREMENT=1455;

--
-- Constraints for dumped tables
--

--
-- Constraints for table `arrowStaging`
--
ALTER TABLE `arrowStaging`
  ADD CONSTRAINT `arrowStaging_ibfk_1` FOREIGN KEY (`roundID`) REFERENCES `round` (`roundID`),
  ADD CONSTRAINT `arrowStaging_ibfk_2` FOREIGN KEY (`participationID`) REFERENCES `participation` (`participationID`),
  ADD CONSTRAINT `arrowStaging_ibfk_3` FOREIGN KEY (`recorderID`) REFERENCES `recorder` (`recorderID`);

--
-- Constraints for table `championshipResult`
--
ALTER TABLE `championshipResult`
  ADD CONSTRAINT `championshipResult_ibfk_1` FOREIGN KEY (`archerID`) REFERENCES `archer` (`archerID`),
  ADD CONSTRAINT `championshipResult_ibfk_2` FOREIGN KEY (`championshipID`) REFERENCES `championship` (`championshipID`);

--
-- Constraints for table `competition`
--
ALTER TABLE `competition`
  ADD CONSTRAINT `competition_ibfk_1` FOREIGN KEY (`championshipID`) REFERENCES `championship` (`championshipID`) ON DELETE CASCADE;

--
-- Constraints for table `participation`
--
ALTER TABLE `participation`
  ADD CONSTRAINT `participation_ibfk_1` FOREIGN KEY (`archerID`) REFERENCES `archer` (`archerID`),
  ADD CONSTRAINT `participation_ibfk_2` FOREIGN KEY (`competitionID`) REFERENCES `competition` (`competitionID`);

--
-- Constraints for table `participationCategory`
--
ALTER TABLE `participationCategory`
  ADD CONSTRAINT `participationCategory_ibfk_1` FOREIGN KEY (`participationID`) REFERENCES `participation` (`participationID`),
  ADD CONSTRAINT `participationCategory_ibfk_2` FOREIGN KEY (`categoryID`) REFERENCES `category` (`categoryID`);

--
-- Constraints for table `range`
--
ALTER TABLE `range`
  ADD CONSTRAINT `range_ibfk_1` FOREIGN KEY (`roundType`) REFERENCES `roundType` (`roundType`);

--
-- Constraints for table `round`
--
ALTER TABLE `round`
  ADD CONSTRAINT `round_ibfk_1` FOREIGN KEY (`competitionID`) REFERENCES `competition` (`competitionID`),
  ADD CONSTRAINT `round_ibfk_2` FOREIGN KEY (`roundType`) REFERENCES `roundType` (`roundType`) ON DELETE CASCADE;

--
-- Constraints for table `roundCategory`
--
ALTER TABLE `roundCategory`
  ADD CONSTRAINT `roundCategory_ibfk_1` FOREIGN KEY (`roundID`) REFERENCES `round` (`roundID`),
  ADD CONSTRAINT `roundCategory_ibfk_2` FOREIGN KEY (`categoryID`) REFERENCES `category` (`categoryID`);

--
-- Constraints for table `roundScore`
--
ALTER TABLE `roundScore`
  ADD CONSTRAINT `roundScore_ibfk_1` FOREIGN KEY (`participationID`) REFERENCES `participation` (`participationID`),
  ADD CONSTRAINT `roundScore_ibfk_2` FOREIGN KEY (`roundID`) REFERENCES `round` (`roundID`);

--
-- Constraints for table `roundType`
--
ALTER TABLE `roundType`
  ADD CONSTRAINT `roundType_ibfk_1` FOREIGN KEY (`baseRoundID`) REFERENCES `roundType` (`roundType`) ON DELETE CASCADE;
COMMIT;

/*!40101 SET CHARACTER_SET_CLIENT=@OLD_CHARACTER_SET_CLIENT */;
/*!40101 SET CHARACTER_SET_RESULTS=@OLD_CHARACTER_SET_RESULTS */;
/*!40101 SET COLLATION_CONNECTION=@OLD_COLLATION_CONNECTION */;
